tick,t,active,awake,asleep,energy,kinetic,injected,cum_injected,max_speed,p95_speed,churning,rebounds,kicks,launches,slept_clean,slept_forced,woke,color_skipped,constraints,hardcontact,hardcontact_max_depth,wake_requests,frozen_unknown,below_floor,min_y
0,0,36,36,0,39197.9,2.85209,0,0,0.162506,0.162506,36,0,0,0,0,0,0,0,0,0,0,0,0,0,18.4973
1,0.0166667,36,36,0,39194.9,11.3442,0,0,0.324097,0.324097,36,0,0,0,0,0,0,0,0,0,0,0,0,0,18.4919
2,0.0333333,36,36,0,39191.8,25.3684,0,0,0.484657,0.484657,36,0,0,0,0,0,0,0,0,0,0,0,0,0,18.4838
3,0.05,36,36,0,39188.5,44.8335,0,0,0.644302,0.644302,36,0,0,0,0,0,0,0,0,0,0,0,0,0,18.4731
4,0.0666667,36,36,0,39185,69.625,0,0,0.802917,0.802917,36,0,0,0,0,0,0,0,0,0,0,0,0,0,18.4597
5,0.0833333,36,36,0,39181.1,99.6608,0,0,0.960617,0.960617,36,0,0,0,0,0,0,0,0,0,0,0,0,0,18.4437
6,0.1,36,36,0,39176.8,134.847,0,0,1.1174,1.1174,36,0,0,0,0,0,0,0,0,0,0,0,0,0,18.4251
7,0.116667,36,36,0,39172.1,175.091,0,0,1.27327,1.27327,36,0,0,0,0,0,0,0,0,0,0,0,0,0,18.4038
8,0.133333,36,36,0,39166.8,220.265,0,0,1.42811,1.42811,36,0,0,0,0,0,0,0,0,0,0,0,0,0,18.38
9,0.15,36,36,0,39161,270.305,0,0,1.58203,1.58203,36,0,0,0,0,0,0,0,0,0,0,0,0,0,18.3537
10,0.166667,36,36,0,39154.5,325.119,0,0,1.73504,1.73504,36,0,0,0,0,0,0,0,0,0,0,0,0,0,18.3248
11,0.183333,36,36,0,39147.4,384.616,0,0,1.88713,1.88713,36,0,0,0,0,0,0,0,0,0,0,0,0,0,18.2933
12,0.2,36,36,0,39139.5,448.707,0,0,2.03831,2.03831,36,0,0,0,0,0,0,0,0,0,0,0,0,0,18.2593
13,0.216667,36,36,0,39130.8,517.302,0,0,2.18857,2.18857,36,0,0,0,0,0,0,0,0,0,0,0,0,0,18.2229
14,0.233333,36,36,0,39121.2,590.311,0,0,2.33791,2.33791,36,0,0,0,0,0,0,0,0,0,0,0,0,0,18.1839
15,0.25,36,36,0,39110.8,667.707,0,0,2.48646,2.48646,36,0,0,0,0,0,0,0,0,0,0,0,0,0,18.1424
16,0.266667,36,36,0,39099.4,749.348,0,0,2.63409,2.63409,36,0,0,0,0,0,0,0,0,0,0,0,0,0,18.0985
17,0.283333,36,36,0,39087,835.147,0,0,2.7808,2.7808,36,0,0,0,0,0,0,0,0,0,0,0,0,0,18.0522
18,0.3,36,36,0,39073.5,925.017,0,0,2.9266,2.9266,36,0,0,0,0,0,0,0,0,0,0,0,0,0,18.0034
19,0.316667,36,36,0,39059,1018.95,0,0,3.07159,3.07159,36,0,0,0,0,0,0,0,0,0,0,0,0,0,17.9522
20,0.333333,36,36,0,39043.3,1116.78,0,0,3.21568,3.21568,36,0,0,0,0,0,0,0,0,0,0,0,0,0,17.8986
21,0.35,36,36,0,39026.4,1218.52,0,0,3.35896,3.35896,36,0,0,0,0,0,0,0,0,0,0,0,0,0,17.8426
22,0.366667,36,36,0,39008.2,1324,0,0,3.50132,3.50132,36,0,0,0,0,0,0,0,0,0,0,0,0,0,17.7843
23,0.383333,36,36,0,38988.8,1433.22,0,0,3.64288,3.64288,36,0,0,0,0,0,0,0,0,0,0,0,0,0,17.7236
24,0.4,36,36,0,38968,1546.03,0,0,3.78353,3.78353,36,0,0,0,0,0,0,0,0,0,0,0,0,0,17.6605
25,0.416667,36,36,0,38945.8,1662.43,0,0,3.92338,3.92338,36,0,0,0,0,0,0,0,0,0,0,0,0,0,17.5951
26,0.433333,36,36,0,38922.3,1782.35,0,0,4.06242,4.06242,36,0,0,0,0,0,0,0,0,0,0,0,0,0,17.5274
27,0.45,36,36,0,38897.2,1905.62,0,0,4.20055,4.20055,36,0,0,0,0,0,0,0,0,0,0,0,0,0,17.4574
28,0.466667,36,36,0,38870.6,2032.26,0,0,4.33788,4.33788,36,0,0,0,0,0,0,0,0,0,0,0,0,0,17.3851
29,0.483333,36,36,0,38842.5,2162.2,0,0,4.47441,4.47441,36,0,0,0,0,0,0,0,0,0,0,0,0,0,17.3105
30,0.5,36,36,0,38812.9,2295.36,0,0,4.61014,4.61014,36,0,0,0,0,0,0,0,0,0,0,0,0,0,17.2337
31,0.516667,36,36,0,38781.6,2431.69,0,0,4.74506,4.74506,36,0,0,0,0,0,0,0,0,0,0,0,0,0,17.1546
32,0.533333,36,36,0,38748.7,2571.1,0,0,4.87919,4.87919,36,0,0,0,0,0,0,0,0,0,0,0,0,0,17.0733
33,0.55,36,36,0,38714.2,2713.53,0,0,5.01251,5.01251,36,0,0,0,0,0,0,0,0,0,0,0,0,0,16.9898
34,0.566667,36,36,0,38677.8,2858.91,0,0,5.14503,5.14503,36,0,0,0,0,0,0,0,0,0,0,0,0,0,16.904
35,0.583333,36,36,0,38639.7,3007.17,0,0,5.27676,5.27676,36,0,0,0,0,0,0,0,0,0,0,0,0,0,16.8161
36,0.6,36,36,0,38599.8,3158.24,0,0,5.40768,5.40768,36,0,0,0,0,0,0,0,0,0,0,0,0,0,16.7259
37,0.616667,36,36,0,38558.1,3312.06,0,0,5.5378,5.5378,36,0,0,0,0,0,0,0,0,0,0,0,0,0,16.6336
38,0.633333,36,36,0,38514.4,3468.55,0,0,5.66711,5.66711,36,0,0,0,0,0,0,0,0,0,0,0,0,0,16.5392
39,0.65,36,36,0,35507.5,542.414,0,0,2.37319,2.37319,36,0,0,0,0,0,0,0,216,4,0.0112,0,0,0,16.4996
40,0.666667,36,36,0,34966.6,2.39048,0,0,0.406725,0.406651,4,0,0,0,0,0,0,0,216,0,0,0,0,0,16.4982
41,0.683333,36,36,0,34965.8,1.42196,0,0,0.341343,0.341224,4,0,0,0,0,0,0,0,216,0,0,0,0,0,16.4979
42,0.7,36,36,0,34965.1,0.867725,0,0,0.268651,0.268651,4,0,0,0,0,0,0,0,216,0,0,0,0,0,16.4979
43,0.716667,36,36,0,34964.6,0.730795,0,0,0.241334,0.241314,4,0,0,0,0,0,0,0,216,0,0,0,0,0,16.4979
44,0.733333,36,36,0,34964,0.928476,0,0,0.26184,0.26182,4,0,0,0,0,0,0,0,216,0,0,0,0,0,16.4979
45,0.75,36,36,0,34963.3,1.4665,0,0,0.321948,0.321878,4,0,0,0,0,0,0,0,216,0,0,0,0,0,16.498
46,0.766667,36,36,0,34961.8,0.834617,0,0,0.241212,0.241151,4,0,0,0,0,0,0,0,216,0,0,0,0,0,16.498
47,0.783333,36,36,0,34960.9,0.00385672,0,0,0.0164753,0.0162635,0,0,0,0,0,0,0,0,216,0,0,0,0,0,16.498
48,0.8,36,36,0,34960.8,0.0101703,0,0,0.0196405,0.0196405,0,0,0,0,0,0,0,0,216,0,0,0,0,0,16.4978
49,0.816667,36,36,0,34960.8,9.18038e-05,0.00676146,0.00676146,0.00166628,0.00166628,0,0,0,0,0,0,0,0,216,0,0,0,0,0,16.4978
50,0.833333,36,36,0,34960.8,8.20659e-05,0.018851,0.0256125,0.00166628,0.00166628,0,0,0,0,0,0,0,0,216,0,0,0,0,0,16.4978
51,0.85,36,36,0,34960.9,8.52321e-05,0.0220074,0.0476199,0.00166628,0.00166628,0,0,0,0,0,0,0,0,216,0,0,0,0,0,16.4979
52,0.866667,36,36,0,34960.9,7.27886e-05,0.0188483,0.0664683,0.0015733,0.00150958,0,0,0,0,0,0,0,0,216,0,0,0,0,0,16.4979
53,0.883333,36,36,0,34960.9,7.55514e-05,0.0188635,0.0853318,0.0015733,0.0015733,0,0,0,0,0,0,0,0,216,0,0,0,0,0,16.4979
54,0.9,36,36,0,34960.9,7.37196e-05,0.0188589,0.104191,0.0015733,0.0015733,0,0,0,0,0,0,0,0,216,0,0,0,0,0,16.4979
55,0.916667,36,36,0,34960.9,7.51335e-05,0.0188622,0.123053,0.0015733,0.0015733,0,0,0,0,0,0,0,0,216,0,0,0,0,0,16.498
56,0.933333,36,36,0,34961,6.86132e-05,0.0184052,0.141458,0.00154071,0.00150958,0,0,0,0,0,0,0,0,216,0,0,0,0,0,16.498
57,0.95,36,36,0,34961,6.98816e-05,0.0187498,0.160208,0.00150958,0.00150197,0,0,0,0,0,0,0,0,216,0,0,0,0,0,16.498
58,0.966667,36,36,0,34961,6.89156e-05,0.0184107,0.178619,0.00150958,0.00150958,0,0,0,0,0,0,0,0,216,0,0,0,0,0,16.498
59,0.983333,36,36,0,34961,7.0322e-05,0.0187499,0.197369,0.00156077,0.00150958,0,0,0,0,0,0,0,0,216,0,0,0,0,0,16.498
60,1,36,36,0,34961,6.59226e-05,0.0180705,0.215439,0.00149651,0.00149651,0,0,0,0,0,0,0,0,216,0,0,0,0,0,16.4981
61,1.01667,36,36,0,34961,6.44327e-05,0.0180734,0.233513,0.00150958,0.00141556,0,0,0,0,0,0,0,0,216,0,0,0,0,0,16.4981
62,1.03333,36,36,0,34961.1,6.31712e-05,0.0179614,0.251474,0.00141556,0.00141556,0,0,0,0,0,0,0,0,216,0,0,0,0,0,16.4981
63,1.05,36,36,0,34961.1,6.25805e-05,0.0176253,0.269099,0.00150958,0.00140744,0,0,0,0,0,0,0,0,216,0,0,0,0,0,16.4981
64,1.06667,36,36,0,34961.1,6.26821e-05,0.0178505,0.28695,0.00141556,0.00141556,0,0,0,0,0,0,0,0,216,0,0,0,0,0,16.4981
65,1.08333,36,36,0,34961.1,5.24356e-05,0.0145844,0.301534,0.00140161,0.00132475,0,0,0,0,0,0,0,0,216,0,0,0,0,0,16.4981
66,1.1,36,36,0,34961.1,6.09386e-05,0.0177466,0.319281,0.00141556,0.00140744,0,0,0,0,0,0,0,0,216,0,0,0,0,0,16.4982
67,1.11667,36,36,0,34961.2,5.71795e-05,0.0172853,0.336566,0.00137567,0.00132475,0,0,0,0,0,0,0,0,216,0,0,0,0,0,16.4982
68,1.13333,36,36,0,34961.2,5.46064e-05,0.0172865,0.353852,0.00137567,0.00129095,0,0,0,0,0,0,0,0,216,0,0,0,0,0,16.4982
69,1.15,36,4,32,34961.2,1.17181e-06,0.0170111,0.370864,0.000308142,0.000308142,0,0,0,0,32,0,0,0,216,0,0,0,0,0,16.4982
70,1.16667,36,4,32,34961.2,7.61956e-07,0.000673189,0.371537,0.000280322,0.000242766,0,0,0,0,0,0,0,0,24,0,0,0,0,0,16.4982
71,1.18333,36,4,32,34961.2,9.12432e-07,0.000786016,0.372323,0.000280322,0.000280322,0,0,0,0,0,0,0,0,24,0,0,0,0,0,16.4982
72,1.2,36,4,32,34961.2,7.95063e-07,0.000785748,0.373108,0.000262217,0.000262217,0,0,0,0,0,0,0,0,24,0,0,0,0,0,16.4982
73,1.21667,36,4,32,34961.2,5.20029e-07,0.000448791,0.373557,0.000198217,0.000198217,0,0,0,0,0,0,0,0,24,0,0,0,0,0,16.4982
74,1.23333,36,4,32,34961.2,8.16904e-07,0.000786163,0.374343,0.000280322,0.000280322,0,0,0,0,0,0,0,0,24,0,0,0,0,0,16.4982
75,1.25,36,4,32,34961.2,6.61673e-07,0.000673444,0.375017,0.000255898,0.000242766,0,0,0,0,0,0,0,0,24,0,0,0,0,0,16.4982
76,1.26667,36,0,36,34961.2,0,0.000672938,0.37569,0,0,0,0,0,0,4,0,0,0,24,0,0,0,0,0,16.4982
77,1.28333,36,0,36,34961.2,0,0,0.37569,0,0,0,0,0,0,0,0,0,0,0,0,0,0,0,0,16.4982
78,1.3,36,0,36,34961.2,0,0,0.37569,0,0,0,0,0,0,0,0,0,0,0,0,0,0,0,0,16.4982
79,1.31667,36,0,36,34961.2,0,0,0.37569,0,0,0,0,0,0,0,0,0,0,0,0,0,0,0,0,16.4982
80,1.33333,36,0,36,34961.2,0,0,0.37569,0,0,0,0,0,0,0,0,0,0,0,0,0,0,0,0,16.4982
81,1.35,36,0,36,34961.2,0,0,0.37569,0,0,0,0,0,0,0,0,0,0,0,0,0,0,0,0,16.4982
82,1.36667,36,0,36,34961.2,0,0,0.37569,0,0,0,0,0,0,0,0,0,0,0,0,0,0,0,0,16.4982
83,1.38333,36,0,36,34961.2,0,0,0.37569,0,0,0,0,0,0,0,0,0,0,0,0,0,0,0,0,16.4982
84,1.4,36,0,36,34961.2,0,0,0.37569,0,0,0,0,0,0,0,0,0,0,0,0,0,0,0,0,16.4982
85,1.41667,36,0,36,34961.2,0,0,0.37569,0,0,0,0,0,0,0,0,0,0,0,0,0,0,0,0,16.4982
86,1.43333,36,0,36,34961.2,0,0,0.37569,0,0,0,0,0,0,0,0,0,0,0,0,0,0,0,0,16.4982
87,1.45,36,0,36,34961.2,0,0,0.37569,0,0,0,0,0,0,0,0,0,0,0,0,0,0,0,0,16.4982
88,1.46667,36,0,36,34961.2,0,0,0.37569,0,0,0,0,0,0,0,0,0,0,0,0,0,0,0,0,16.4982
89,1.48333,36,0,36,34961.2,0,0,0.37569,0,0,0,0,0,0,0,0,0,0,0,0,0,0,0,0,16.4982
90,1.5,36,0,36,34961.2,0,0,0.37569,0,0,0,0,0,0,0,0,0,0,0,0,0,0,0,0,16.4982
91,1.51667,36,0,36,34961.2,0,0,0.37569,0,0,0,0,0,0,0,0,0,0,0,0,0,0,0,0,16.4982
92,1.53333,36,0,36,34961.2,0,0,0.37569,0,0,0,0,0,0,0,0,0,0,0,0,0,0,0,0,16.4982
93,1.55,36,0,36,34961.2,0,0,0.37569,0,0,0,0,0,0,0,0,0,0,0,0,0,0,0,0,16.4982
94,1.56667,36,0,36,34961.2,0,0,0.37569,0,0,0,0,0,0,0,0,0,0,0,0,0,0,0,0,16.4982
95,1.58333,36,0,36,34961.2,0,0,0.37569,0,0,0,0,0,0,0,0,0,0,0,0,0,0,0,0,16.4982
96,1.6,36,0,36,34961.2,0,0,0.37569,0,0,0,0,0,0,0,0,0,0,0,0,0,0,0,0,16.4982
97,1.61667,36,0,36,34961.2,0,0,0.37569,0,0,0,0,0,0,0,0,0,0,0,0,0,0,0,0,16.4982
98,1.63333,36,0,36,34961.2,0,0,0.37569,0,0,0,0,0,0,0,0,0,0,0,0,0,0,0,0,16.4982
99,1.65,36,0,36,34961.2,0,0,0.37569,0,0,0,0,0,0,0,0,0,0,0,0,0,0,0,0,16.4982
100,1.66667,36,0,36,34961.2,0,0,0.37569,0,0,0,0,0,0,0,0,0,0,0,0,0,0,0,0,16.4982
101,1.68333,36,0,36,34961.2,0,0,0.37569,0,0,0,0,0,0,0,0,0,0,0,0,0,0,0,0,16.4982
102,1.7,36,0,36,34961.2,0,0,0.37569,0,0,0,0,0,0,0,0,0,0,0,0,0,0,0,0,16.4982
103,1.71667,36,0,36,34961.2,0,0,0.37569,0,0,0,0,0,0,0,0,0,0,0,0,0,0,0,0,16.4982
104,1.73333,36,0,36,34961.2,0,0,0.37569,0,0,0,0,0,0,0,0,0,0,0,0,0,0,0,0,16.4982
105,1.75,36,0,36,34961.2,0,0,0.37569,0,0,0,0,0,0,0,0,0,0,0,0,0,0,0,0,16.4982
106,1.76667,36,0,36,34961.2,0,0,0.37569,0,0,0,0,0,0,0,0,0,0,0,0,0,0,0,0,16.4982
107,1.78333,36,0,36,34961.2,0,0,0.37569,0,0,0,0,0,0,0,0,0,0,0,0,0,0,0,0,16.4982
108,1.8,36,0,36,34961.2,0,0,0.37569,0,0,0,0,0,0,0,0,0,0,0,0,0,0,0,0,16.4982
109,1.81667,36,0,36,34961.2,0,0,0.37569,0,0,0,0,0,0,0,0,0,0,0,0,0,0,0,0,16.4982
110,1.83333,36,0,36,34961.2,0,0,0.37569,0,0,0,0,0,0,0,0,0,0,0,0,0,0,0,0,16.4982
111,1.85,36,0,36,34961.2,0,0,0.37569,0,0,0,0,0,0,0,0,0,0,0,0,0,0,0,0,16.4982
112,1.86667,36,0,36,34961.2,0,0,0.37569,0,0,0,0,0,0,0,0,0,0,0,0,0,0,0,0,16.4982
113,1.88333,36,0,36,34961.2,0,0,0.37569,0,0,0,0,0,0,0,0,0,0,0,0,0,0,0,0,16.4982
114,1.9,36,0,36,34961.2,0,0,0.37569,0,0,0,0,0,0,0,0,0,0,0,0,0,0,0,0,16.4982
115,1.91667,36,0,36,34961.2,0,0,0.37569,0,0,0,0,0,0,0,0,0,0,0,0,0,0,0,0,16.4982
116,1.93333,36,0,36,34961.2,0,0,0.37569,0,0,0,0,0,0,0,0,0,0,0,0,0,0,0,0,16.4982
117,1.95,36,0,36,34961.2,0,0,0.37569,0,0,0,0,0,0,0,0,0,0,0,0,0,0,0,0,16.4982
118,1.96667,36,0,36,34961.2,0,0,0.37569,0,0,0,0,0,0,0,0,0,0,0,0,0,0,0,0,16.4982
119,1.98333,36,0,36,34961.2,0,0,0.37569,0,0,0,0,0,0,0,0,0,0,0,0,0,0,0,0,16.4982
120,2,36,0,36,34961.2,0,0,0.37569,0,0,0,0,0,0,0,0,0,0,0,0,0,0,0,0,16.4982
121,2.01667,36,0,36,34961.2,0,0,0.37569,0,0,0,0,0,0,0,0,0,0,0,0,0,0,0,0,16.4982
122,2.03333,36,0,36,34961.2,0,0,0.37569,0,0,0,0,0,0,0,0,0,0,0,0,0,0,0,0,16.4982
123,2.05,36,0,36,34961.2,0,0,0.37569,0,0,0,0,0,0,0,0,0,0,0,0,0,0,0,0,16.4982
124,2.06667,36,0,36,34961.2,0,0,0.37569,0,0,0,0,0,0,0,0,0,0,0,0,0,0,0,0,16.4982
125,2.08333,36,0,36,34961.2,0,0,0.37569,0,0,0,0,0,0,0,0,0,0,0,0,0,0,0,0,16.4982
126,2.1,36,0,36,34961.2,0,0,0.37569,0,0,0,0,0,0,0,0,0,0,0,0,0,0,0,0,16.4982
127,2.11667,36,0,36,34961.2,0,0,0.37569,0,0,0,0,0,0,0,0,0,0,0,0,0,0,0,0,16.4982
128,2.13333,36,0,36,34961.2,0,0,0.37569,0,0,0,0,0,0,0,0,0,0,0,0,0,0,0,0,16.4982
129,2.15,36,0,36,34961.2,0,0,0.37569,0,0,0,0,0,0,0,0,0,0,0,0,0,0,0,0,16.4982
130,2.16667,36,0,36,34961.2,0,0,0.37569,0,0,0,0,0,0,0,0,0,0,0,0,0,0,0,0,16.4982
131,2.18333,36,0,36,34961.2,0,0,0.37569,0,0,0,0,0,0,0,0,0,0,0,0,0,0,0,0,16.4982
132,2.2,36,0,36,34961.2,0,0,0.37569,0,0,0,0,0,0,0,0,0,0,0,0,0,0,0,0,16.4982
133,2.21667,36,0,36,34961.2,0,0,0.37569,0,0,0,0,0,0,0,0,0,0,0,0,0,0,0,0,16.4982
134,2.23333,36,0,36,34961.2,0,0,0.37569,0,0,0,0,0,0,0,0,0,0,0,0,0,0,0,0,16.4982
135,2.25,36,0,36,34961.2,0,0,0.37569,0,0,0,0,0,0,0,0,0,0,0,0,0,0,0,0,16.4982
136,2.26667,36,0,36,34961.2,0,0,0.37569,0,0,0,0,0,0,0,0,0,0,0,0,0,0,0,0,16.4982
137,2.28333,36,0,36,34961.2,0,0,0.37569,0,0,0,0,0,0,0,0,0,0,0,0,0,0,0,0,16.4982
138,2.3,36,0,36,34961.2,0,0,0.37569,0,0,0,0,0,0,0,0,0,0,0,0,0,0,0,0,16.4982
139,2.31667,36,0,36,34961.2,0,0,0.37569,0,0,0,0,0,0,0,0,0,0,0,0,0,0,0,0,16.4982
140,2.33333,36,0,36,34961.2,0,0,0.37569,0,0,0,0,0,0,0,0,0,0,0,0,0,0,0,0,16.4982
141,2.35,36,0,36,34961.2,0,0,0.37569,0,0,0,0,0,0,0,0,0,0,0,0,0,0,0,0,16.4982
142,2.36667,36,0,36,34961.2,0,0,0.37569,0,0,0,0,0,0,0,0,0,0,0,0,0,0,0,0,16.4982
143,2.38333,36,0,36,34961.2,0,0,0.37569,0,0,0,0,0,0,0,0,0,0,0,0,0,0,0,0,16.4982
144,2.4,36,0,36,34961.2,0,0,0.37569,0,0,0,0,0,0,0,0,0,0,0,0,0,0,0,0,16.4982
145,2.41667,36,0,36,34961.2,0,0,0.37569,0,0,0,0,0,0,0,0,0,0,0,0,0,0,0,0,16.4982
146,2.43333,36,0,36,34961.2,0,0,0.37569,0,0,0,0,0,0,0,0,0,0,0,0,0,0,0,0,16.4982
147,2.45,36,0,36,34961.2,0,0,0.37569,0,0,0,0,0,0,0,0,0,0,0,0,0,0,0,0,16.4982
148,2.46667,36,0,36,34961.2,0,0,0.37569,0,0,0,0,0,0,0,0,0,0,0,0,0,0,0,0,16.4982
149,2.48333,36,0,36,34961.2,0,0,0.37569,0,0,0,0,0,0,0,0,0,0,0,0,0,0,0,0,16.4982
150,2.5,36,0,36,34961.2,0,0,0.37569,0,0,0,0,0,0,0,0,0,0,0,0,0,0,0,0,16.4982
151,2.51667,36,0,36,34961.2,0,0,0.37569,0,0,0,0,0,0,0,0,0,0,0,0,0,0,0,0,16.4982
152,2.53333,36,0,36,34961.2,0,0,0.37569,0,0,0,0,0,0,0,0,0,0,0,0,0,0,0,0,16.4982
153,2.55,36,0,36,34961.2,0,0,0.37569,0,0,0,0,0,0,0,0,0,0,0,0,0,0,0,0,16.4982
154,2.56667,36,0,36,34961.2,0,0,0.37569,0,0,0,0,0,0,0,0,0,0,0,0,0,0,0,0,16.4982
155,2.58333,36,0,36,34961.2,0,0,0.37569,0,0,0,0,0,0,0,0,0,0,0,0,0,0,0,0,16.4982
156,2.6,36,0,36,34961.2,0,0,0.37569,0,0,0,0,0,0,0,0,0,0,0,0,0,0,0,0,16.4982
157,2.61667,36,0,36,34961.2,0,0,0.37569,0,0,0,0,0,0,0,0,0,0,0,0,0,0,0,0,16.4982
158,2.63333,36,0,36,34961.2,0,0,0.37569,0,0,0,0,0,0,0,0,0,0,0,0,0,0,0,0,16.4982
159,2.65,36,0,36,34961.2,0,0,0.37569,0,0,0,0,0,0,0,0,0,0,0,0,0,0,0,0,16.4982
160,2.66667,36,0,36,34961.2,0,0,0.37569,0,0,0,0,0,0,0,0,0,0,0,0,0,0,0,0,16.4982
161,2.68333,36,0,36,34961.2,0,0,0.37569,0,0,0,0,0,0,0,0,0,0,0,0,0,0,0,0,16.4982
162,2.7,36,0,36,34961.2,0,0,0.37569,0,0,0,0,0,0,0,0,0,0,0,0,0,0,0,0,16.4982
163,2.71667,36,0,36,34961.2,0,0,0.37569,0,0,0,0,0,0,0,0,0,0,0,0,0,0,0,0,16.4982
164,2.73333,36,0,36,34961.2,0,0,0.37569,0,0,0,0,0,0,0,0,0,0,0,0,0,0,0,0,16.4982
165,2.75,36,0,36,34961.2,0,0,0.37569,0,0,0,0,0,0,0,0,0,0,0,0,0,0,0,0,16.4982
166,2.76667,36,0,36,34961.2,0,0,0.37569,0,0,0,0,0,0,0,0,0,0,0,0,0,0,0,0,16.4982
167,2.78333,36,0,36,34961.2,0,0,0.37569,0,0,0,0,0,0,0,0,0,0,0,0,0,0,0,0,16.4982
168,2.8,36,0,36,34961.2,0,0,0.37569,0,0,0,0,0,0,0,0,0,0,0,0,0,0,0,0,16.4982
169,2.81667,36,0,36,34961.2,0,0,0.37569,0,0,0,0,0,0,0,0,0,0,0,0,0,0,0,0,16.4982
170,2.83333,36,0,36,34961.2,0,0,0.37569,0,0,0,0,0,0,0,0,0,0,0,0,0,0,0,0,16.4982
171,2.85,36,0,36,34961.2,0,0,0.37569,0,0,0,0,0,0,0,0,0,0,0,0,0,0,0,0,16.4982
172,2.86667,36,0,36,34961.2,0,0,0.37569,0,0,0,0,0,0,0,0,0,0,0,0,0,0,0,0,16.4982
173,2.88333,36,0,36,34961.2,0,0,0.37569,0,0,0,0,0,0,0,0,0,0,0,0,0,0,0,0,16.4982
174,2.9,36,0,36,34961.2,0,0,0.37569,0,0,0,0,0,0,0,0,0,0,0,0,0,0,0,0,16.4982
175,2.91667,36,0,36,34961.2,0,0,0.37569,0,0,0,0,0,0,0,0,0,0,0,0,0,0,0,0,16.4982
176,2.93333,36,0,36,34961.2,0,0,0.37569,0,0,0,0,0,0,0,0,0,0,0,0,0,0,0,0,16.4982
177,2.95,36,0,36,34961.2,0,0,0.37569,0,0,0,0,0,0,0,0,0,0,0,0,0,0,0,0,16.4982
178,2.96667,36,0,36,34961.2,0,0,0.37569,0,0,0,0,0,0,0,0,0,0,0,0,0,0,0,0,16.4982
179,2.98333,36,0,36,34961.2,0,0,0.37569,0,0,0,0,0,0,0,0,0,0,0,0,0,0,0,0,16.4982
180,3,36,0,36,34961.2,0,0,0.37569,0,0,0,0,0,0,0,0,0,0,0,0,0,0,0,0,16.4982
181,3.01667,36,0,36,34961.2,0,0,0.37569,0,0,0,0,0,0,0,0,0,0,0,0,0,0,0,0,16.4982
182,3.03333,36,0,36,34961.2,0,0,0.37569,0,0,0,0,0,0,0,0,0,0,0,0,0,0,0,0,16.4982
183,3.05,36,0,36,34961.2,0,0,0.37569,0,0,0,0,0,0,0,0,0,0,0,0,0,0,0,0,16.4982
184,3.06667,36,0,36,34961.2,0,0,0.37569,0,0,0,0,0,0,0,0,0,0,0,0,0,0,0,0,16.4982
185,3.08333,36,0,36,34961.2,0,0,0.37569,0,0,0,0,0,0,0,0,0,0,0,0,0,0,0,0,16.4982
186,3.1,36,0,36,34961.2,0,0,0.37569,0,0,0,0,0,0,0,0,0,0,0,0,0,0,0,0,16.4982
187,3.11667,36,0,36,34961.2,0,0,0.37569,0,0,0,0,0,0,0,0,0,0,0,0,0,0,0,0,16.4982
188,3.13333,36,0,36,34961.2,0,0,0.37569,0,0,0,0,0,0,0,0,0,0,0,0,0,0,0,0,16.4982
189,3.15,36,0,36,34961.2,0,0,0.37569,0,0,0,0,0,0,0,0,0,0,0,0,0,0,0,0,16.4982
190,3.16667,36,0,36,34961.2,0,0,0.37569,0,0,0,0,0,0,0,0,0,0,0,0,0,0,0,0,16.4982
191,3.18333,36,0,36,34961.2,0,0,0.37569,0,0,0,0,0,0,0,0,0,0,0,0,0,0,0,0,16.4982
192,3.2,36,0,36,34961.2,0,0,0.37569,0,0,0,0,0,0,0,0,0,0,0,0,0,0,0,0,16.4982
193,3.21667,36,0,36,34961.2,0,0,0.37569,0,0,0,0,0,0,0,0,0,0,0,0,0,0,0,0,16.4982
194,3.23333,36,0,36,34961.2,0,0,0.37569,0,0,0,0,0,0,0,0,0,0,0,0,0,0,0,0,16.4982
195,3.25,36,0,36,34961.2,0,0,0.37569,0,0,0,0,0,0,0,0,0,0,0,0,0,0,0,0,16.4982
196,3.26667,36,0,36,34961.2,0,0,0.37569,0,0,0,0,0,0,0,0,0,0,0,0,0,0,0,0,16.4982
197,3.28333,36,0,36,34961.2,0,0,0.37569,0,0,0,0,0,0,0,0,0,0,0,0,0,0,0,0,16.4982
198,3.3,36,0,36,34961.2,0,0,0.37569,0,0,0,0,0,0,0,0,0,0,0,0,0,0,0,0,16.4982
199,3.31667,36,0,36,34961.2,0,0,0.37569,0,0,0,0,0,0,0,0,0,0,0,0,0,0,0,0,16.4982
200,3.33333,36,0,36,34961.2,0,0,0.37569,0,0,0,0,0,0,0,0,0,0,0,0,0,0,0,0,16.4982
201,3.35,36,0,36,34961.2,0,0,0.37569,0,0,0,0,0,0,0,0,0,0,0,0,0,0,0,0,16.4982
202,3.36667,36,0,36,34961.2,0,0,0.37569,0,0,0,0,0,0,0,0,0,0,0,0,0,0,0,0,16.4982
203,3.38333,36,0,36,34961.2,0,0,0.37569,0,0,0,0,0,0,0,0,0,0,0,0,0,0,0,0,16.4982
204,3.4,36,0,36,34961.2,0,0,0.37569,0,0,0,0,0,0,0,0,0,0,0,0,0,0,0,0,16.4982
205,3.41667,36,0,36,34961.2,0,0,0.37569,0,0,0,0,0,0,0,0,0,0,0,0,0,0,0,0,16.4982
206,3.43333,36,0,36,34961.2,0,0,0.37569,0,0,0,0,0,0,0,0,0,0,0,0,0,0,0,0,16.4982
207,3.45,36,0,36,34961.2,0,0,0.37569,0,0,0,0,0,0,0,0,0,0,0,0,0,0,0,0,16.4982
208,3.46667,36,0,36,34961.2,0,0,0.37569,0,0,0,0,0,0,0,0,0,0,0,0,0,0,0,0,16.4982
209,3.48333,36,0,36,34961.2,0,0,0.37569,0,0,0,0,0,0,0,0,0,0,0,0,0,0,0,0,16.4982
210,3.5,36,0,36,34961.2,0,0,0.37569,0,0,0,0,0,0,0,0,0,0,0,0,0,0,0,0,16.4982
211,3.51667,36,0,36,34961.2,0,0,0.37569,0,0,0,0,0,0,0,0,0,0,0,0,0,0,0,0,16.4982
212,3.53333,36,0,36,34961.2,0,0,0.37569,0,0,0,0,0,0,0,0,0,0,0,0,0,0,0,0,16.4982
213,3.55,36,0,36,34961.2,0,0,0.37569,0,0,0,0,0,0,0,0,0,0,0,0,0,0,0,0,16.4982
214,3.56667,36,0,36,34961.2,0,0,0.37569,0,0,0,0,0,0,0,0,0,0,0,0,0,0,0,0,16.4982
215,3.58333,36,0,36,34961.2,0,0,0.37569,0,0,0,0,0,0,0,0,0,0,0,0,0,0,0,0,16.4982
216,3.6,36,0,36,34961.2,0,0,0.37569,0,0,0,0,0,0,0,0,0,0,0,0,0,0,0,0,16.4982
217,3.61667,36,0,36,34961.2,0,0,0.37569,0,0,0,0,0,0,0,0,0,0,0,0,0,0,0,0,16.4982
218,3.63333,36,0,36,34961.2,0,0,0.37569,0,0,0,0,0,0,0,0,0,0,0,0,0,0,0,0,16.4982
219,3.65,36,0,36,34961.2,0,0,0.37569,0,0,0,0,0,0,0,0,0,0,0,0,0,0,0,0,16.4982
220,3.66667,36,0,36,34961.2,0,0,0.37569,0,0,0,0,0,0,0,0,0,0,0,0,0,0,0,0,16.4982
221,3.68333,36,0,36,34961.2,0,0,0.37569,0,0,0,0,0,0,0,0,0,0,0,0,0,0,0,0,16.4982
222,3.7,36,0,36,34961.2,0,0,0.37569,0,0,0,0,0,0,0,0,0,0,0,0,0,0,0,0,16.4982
223,3.71667,36,0,36,34961.2,0,0,0.37569,0,0,0,0,0,0,0,0,0,0,0,0,0,0,0,0,16.4982
224,3.73333,36,0,36,34961.2,0,0,0.37569,0,0,0,0,0,0,0,0,0,0,0,0,0,0,0,0,16.4982
225,3.75,36,0,36,34961.2,0,0,0.37569,0,0,0,0,0,0,0,0,0,0,0,0,0,0,0,0,16.4982
226,3.76667,36,0,36,34961.2,0,0,0.37569,0,0,0,0,0,0,0,0,0,0,0,0,0,0,0,0,16.4982
227,3.78333,36,0,36,34961.2,0,0,0.37569,0,0,0,0,0,0,0,0,0,0,0,0,0,0,0,0,16.4982
228,3.8,36,0,36,34961.2,0,0,0.37569,0,0,0,0,0,0,0,0,0,0,0,0,0,0,0,0,16.4982
229,3.81667,36,0,36,34961.2,0,0,0.37569,0,0,0,0,0,0,0,0,0,0,0,0,0,0,0,0,16.4982
230,3.83333,36,0,36,34961.2,0,0,0.37569,0,0,0,0,0,0,0,0,0,0,0,0,0,0,0,0,16.4982
231,3.85,36,0,36,34961.2,0,0,0.37569,0,0,0,0,0,0,0,0,0,0,0,0,0,0,0,0,16.4982
232,3.86667,36,0,36,34961.2,0,0,0.37569,0,0,0,0,0,0,0,0,0,0,0,0,0,0,0,0,16.4982
233,3.88333,36,0,36,34961.2,0,0,0.37569,0,0,0,0,0,0,0,0,0,0,0,0,0,0,0,0,16.4982
234,3.9,36,0,36,34961.2,0,0,0.37569,0,0,0,0,0,0,0,0,0,0,0,0,0,0,0,0,16.4982
235,3.91667,36,0,36,34961.2,0,0,0.37569,0,0,0,0,0,0,0,0,0,0,0,0,0,0,0,0,16.4982
236,3.93333,36,0,36,34961.2,0,0,0.37569,0,0,0,0,0,0,0,0,0,0,0,0,0,0,0,0,16.4982
237,3.95,36,0,36,34961.2,0,0,0.37569,0,0,0,0,0,0,0,0,0,0,0,0,0,0,0,0,16.4982
238,3.96667,36,0,36,34961.2,0,0,0.37569,0,0,0,0,0,0,0,0,0,0,0,0,0,0,0,0,16.4982
239,3.98333,36,0,36,34961.2,0,0,0.37569,0,0,0,0,0,0,0,0,0,0,0,0,0,0,0,0,16.4982
240,4,36,0,36,34961.2,0,0,0.37569,0,0,0,0,0,0,0,0,0,0,0,0,0,0,0,0,16.4982
241,4.01667,36,0,36,34961.2,0,0,0.37569,0,0,0,0,0,0,0,0,0,0,0,0,0,0,0,0,16.4982
242,4.03333,36,0,36,34961.2,0,0,0.37569,0,0,0,0,0,0,0,0,0,0,0,0,0,0,0,0,16.4982
243,4.05,36,0,36,34961.2,0,0,0.37569,0,0,0,0,0,0,0,0,0,0,0,0,0,0,0,0,16.4982
244,4.06667,36,0,36,34961.2,0,0,0.37569,0,0,0,0,0,0,0,0,0,0,0,0,0,0,0,0,16.4982
245,4.08333,36,0,36,34961.2,0,0,0.37569,0,0,0,0,0,0,0,0,0,0,0,0,0,0,0,0,16.4982
246,4.1,36,0,36,34961.2,0,0,0.37569,0,0,0,0,0,0,0,0,0,0,0,0,0,0,0,0,16.4982
247,4.11667,36,0,36,34961.2,0,0,0.37569,0,0,0,0,0,0,0,0,0,0,0,0,0,0,0,0,16.4982
248,4.13333,36,0,36,34961.2,0,0,0.37569,0,0,0,0,0,0,0,0,0,0,0,0,0,0,0,0,16.4982
249,4.15,36,0,36,34961.2,0,0,0.37569,0,0,0,0,0,0,0,0,0,0,0,0,0,0,0,0,16.4982
250,4.16667,36,0,36,34961.2,0,0,0.37569,0,0,0,0,0,0,0,0,0,0,0,0,0,0,0,0,16.4982
251,4.18333,36,0,36,34961.2,0,0,0.37569,0,0,0,0,0,0,0,0,0,0,0,0,0,0,0,0,16.4982
252,4.2,36,0,36,34961.2,0,0,0.37569,0,0,0,0,0,0,0,0,0,0,0,0,0,0,0,0,16.4982
253,4.21667,36,0,36,34961.2,0,0,0.37569,0,0,0,0,0,0,0,0,0,0,0,0,0,0,0,0,16.4982
254,4.23333,36,0,36,34961.2,0,0,0.37569,0,0,0,0,0,0,0,0,0,0,0,0,0,0,0,0,16.4982
255,4.25,36,0,36,34961.2,0,0,0.37569,0,0,0,0,0,0,0,0,0,0,0,0,0,0,0,0,16.4982
256,4.26667,36,0,36,34961.2,0,0,0.37569,0,0,0,0,0,0,0,0,0,0,0,0,0,0,0,0,16.4982
257,4.28333,36,0,36,34961.2,0,0,0.37569,0,0,0,0,0,0,0,0,0,0,0,0,0,0,0,0,16.4982
258,4.3,36,0,36,34961.2,0,0,0.37569,0,0,0,0,0,0,0,0,0,0,0,0,0,0,0,0,16.4982
259,4.31667,36,0,36,34961.2,0,0,0.37569,0,0,0,0,0,0,0,0,0,0,0,0,0,0,0,0,16.4982
260,4.33333,36,0,36,34961.2,0,0,0.37569,0,0,0,0,0,0,0,0,0,0,0,0,0,0,0,0,16.4982
261,4.35,36,0,36,34961.2,0,0,0.37569,0,0,0,0,0,0,0,0,0,0,0,0,0,0,0,0,16.4982
262,4.36667,36,0,36,34961.2,0,0,0.37569,0,0,0,0,0,0,0,0,0,0,0,0,0,0,0,0,16.4982
263,4.38333,36,0,36,34961.2,0,0,0.37569,0,0,0,0,0,0,0,0,0,0,0,0,0,0,0,0,16.4982
264,4.4,36,0,36,34961.2,0,0,0.37569,0,0,0,0,0,0,0,0,0,0,0,0,0,0,0,0,16.4982
265,4.41667,36,0,36,34961.2,0,0,0.37569,0,0,0,0,0,0,0,0,0,0,0,0,0,0,0,0,16.4982
266,4.43333,36,0,36,34961.2,0,0,0.37569,0,0,0,0,0,0,0,0,0,0,0,0,0,0,0,0,16.4982
267,4.45,36,0,36,34961.2,0,0,0.37569,0,0,0,0,0,0,0,0,0,0,0,0,0,0,0,0,16.4982
268,4.46667,36,0,36,34961.2,0,0,0.37569,0,0,0,0,0,0,0,0,0,0,0,0,0,0,0,0,16.4982
269,4.48333,36,0,36,34961.2,0,0,0.37569,0,0,0,0,0,0,0,0,0,0,0,0,0,0,0,0,16.4982
270,4.5,36,0,36,34961.2,0,0,0.37569,0,0,0,0,0,0,0,0,0,0,0,0,0,0,0,0,16.4982
271,4.51667,36,0,36,34961.2,0,0,0.37569,0,0,0,0,0,0,0,0,0,0,0,0,0,0,0,0,16.4982
272,4.53333,36,0,36,34961.2,0,0,0.37569,0,0,0,0,0,0,0,0,0,0,0,0,0,0,0,0,16.4982
273,4.55,36,0,36,34961.2,0,0,0.37569,0,0,0,0,0,0,0,0,0,0,0,0,0,0,0,0,16.4982
274,4.56667,36,0,36,34961.2,0,0,0.37569,0,0,0,0,0,0,0,0,0,0,0,0,0,0,0,0,16.4982
275,4.58333,36,0,36,34961.2,0,0,0.37569,0,0,0,0,0,0,0,0,0,0,0,0,0,0,0,0,16.4982
276,4.6,36,0,36,34961.2,0,0,0.37569,0,0,0,0,0,0,0,0,0,0,0,0,0,0,0,0,16.4982
277,4.61667,36,0,36,34961.2,0,0,0.37569,0,0,0,0,0,0,0,0,0,0,0,0,0,0,0,0,16.4982
278,4.63333,36,0,36,34961.2,0,0,0.37569,0,0,0,0,0,0,0,0,0,0,0,0,0,0,0,0,16.4982
279,4.65,36,0,36,34961.2,0,0,0.37569,0,0,0,0,0,0,0,0,0,0,0,0,0,0,0,0,16.4982
280,4.66667,36,0,36,34961.2,0,0,0.37569,0,0,0,0,0,0,0,0,0,0,0,0,0,0,0,0,16.4982
281,4.68333,36,0,36,34961.2,0,0,0.37569,0,0,0,0,0,0,0,0,0,0,0,0,0,0,0,0,16.4982
282,4.7,36,0,36,34961.2,0,0,0.37569,0,0,0,0,0,0,0,0,0,0,0,0,0,0,0,0,16.4982
283,4.71667,36,0,36,34961.2,0,0,0.37569,0,0,0,0,0,0,0,0,0,0,0,0,0,0,0,0,16.4982
284,4.73333,36,0,36,34961.2,0,0,0.37569,0,0,0,0,0,0,0,0,0,0,0,0,0,0,0,0,16.4982
285,4.75,36,0,36,34961.2,0,0,0.37569,0,0,0,0,0,0,0,0,0,0,0,0,0,0,0,0,16.4982
286,4.76667,36,0,36,34961.2,0,0,0.37569,0,0,0,0,0,0,0,0,0,0,0,0,0,0,0,0,16.4982
287,4.78333,36,0,36,34961.2,0,0,0.37569,0,0,0,0,0,0,0,0,0,0,0,0,0,0,0,0,16.4982
288,4.8,36,0,36,34961.2,0,0,0.37569,0,0,0,0,0,0,0,0,0,0,0,0,0,0,0,0,16.4982
289,4.81667,36,0,36,34961.2,0,0,0.37569,0,0,0,0,0,0,0,0,0,0,0,0,0,0,0,0,16.4982
290,4.83333,36,0,36,34961.2,0,0,0.37569,0,0,0,0,0,0,0,0,0,0,0,0,0,0,0,0,16.4982
291,4.85,36,0,36,34961.2,0,0,0.37569,0,0,0,0,0,0,0,0,0,0,0,0,0,0,0,0,16.4982
292,4.86667,36,0,36,34961.2,0,0,0.37569,0,0,0,0,0,0,0,0,0,0,0,0,0,0,0,0,16.4982
293,4.88333,36,0,36,34961.2,0,0,0.37569,0,0,0,0,0,0,0,0,0,0,0,0,0,0,0,0,16.4982
294,4.9,36,0,36,34961.2,0,0,0.37569,0,0,0,0,0,0,0,0,0,0,0,0,0,0,0,0,16.4982
295,4.91667,36,0,36,34961.2,0,0,0.37569,0,0,0,0,0,0,0,0,0,0,0,0,0,0,0,0,16.4982
296,4.93333,36,0,36,34961.2,0,0,0.37569,0,0,0,0,0,0,0,0,0,0,0,0,0,0,0,0,16.4982
297,4.95,36,0,36,34961.2,0,0,0.37569,0,0,0,0,0,0,0,0,0,0,0,0,0,0,0,0,16.4982
298,4.96667,36,0,36,34961.2,0,0,0.37569,0,0,0,0,0,0,0,0,0,0,0,0,0,0,0,0,16.4982
299,4.98333,36,0,36,34961.2,0,0,0.37569,0,0,0,0,0,0,0,0,0,0,0,0,0,0,0,0,16.4982
300,5,36,0,36,34961.2,0,0,0.37569,0,0,0,0,0,0,0,0,0,0,0,0,0,0,0,0,16.4982
301,5.01667,36,0,36,34961.2,0,0,0.37569,0,0,0,0,0,0,0,0,0,0,0,0,0,0,0,0,16.4982
302,5.03333,36,0,36,34961.2,0,0,0.37569,0,0,0,0,0,0,0,0,0,0,0,0,0,0,0,0,16.4982
303,5.05,36,0,36,34961.2,0,0,0.37569,0,0,0,0,0,0,0,0,0,0,0,0,0,0,0,0,16.4982
304,5.06667,36,0,36,34961.2,0,0,0.37569,0,0,0,0,0,0,0,0,0,0,0,0,0,0,0,0,16.4982
305,5.08333,36,0,36,34961.2,0,0,0.37569,0,0,0,0,0,0,0,0,0,0,0,0,0,0,0,0,16.4982
306,5.1,36,0,36,34961.2,0,0,0.37569,0,0,0,0,0,0,0,0,0,0,0,0,0,0,0,0,16.4982
307,5.11667,36,0,36,34961.2,0,0,0.37569,0,0,0,0,0,0,0,0,0,0,0,0,0,0,0,0,16.4982
308,5.13333,36,0,36,34961.2,0,0,0.37569,0,0,0,0,0,0,0,0,0,0,0,0,0,0,0,0,16.4982
309,5.15,36,0,36,34961.2,0,0,0.37569,0,0,0,0,0,0,0,0,0,0,0,0,0,0,0,0,16.4982
310,5.16667,36,0,36,34961.2,0,0,0.37569,0,0,0,0,0,0,0,0,0,0,0,0,0,0,0,0,16.4982
311,5.18333,36,0,36,34961.2,0,0,0.37569,0,0,0,0,0,0,0,0,0,0,0,0,0,0,0,0,16.4982
312,5.2,36,0,36,34961.2,0,0,0.37569,0,0,0,0,0,0,0,0,0,0,0,0,0,0,0,0,16.4982
313,5.21667,36,0,36,34961.2,0,0,0.37569,0,0,0,0,0,0,0,0,0,0,0,0,0,0,0,0,16.4982
314,5.23333,36,0,36,34961.2,0,0,0.37569,0,0,0,0,0,0,0,0,0,0,0,0,0,0,0,0,16.4982
315,5.25,36,0,36,34961.2,0,0,0.37569,0,0,0,0,0,0,0,0,0,0,0,0,0,0,0,0,16.4982
316,5.26667,36,0,36,34961.2,0,0,0.37569,0,0,0,0,0,0,0,0,0,0,0,0,0,0,0,0,16.4982
317,5.28333,36,0,36,34961.2,0,0,0.37569,0,0,0,0,0,0,0,0,0,0,0,0,0,0,0,0,16.4982
318,5.3,36,0,36,34961.2,0,0,0.37569,0,0,0,0,0,0,0,0,0,0,0,0,0,0,0,0,16.4982
319,5.31667,36,0,36,34961.2,0,0,0.37569,0,0,0,0,0,0,0,0,0,0,0,0,0,0,0,0,16.4982
320,5.33333,36,0,36,34961.2,0,0,0.37569,0,0,0,0,0,0,0,0,0,0,0,0,0,0,0,0,16.4982
321,5.35,36,0,36,34961.2,0,0,0.37569,0,0,0,0,0,0,0,0,0,0,0,0,0,0,0,0,16.4982
322,5.36667,36,0,36,34961.2,0,0,0.37569,0,0,0,0,0,0,0,0,0,0,0,0,0,0,0,0,16.4982
323,5.38333,36,0,36,34961.2,0,0,0.37569,0,0,0,0,0,0,0,0,0,0,0,0,0,0,0,0,16.4982
324,5.4,36,0,36,34961.2,0,0,0.37569,0,0,0,0,0,0,0,0,0,0,0,0,0,0,0,0,16.4982
325,5.41667,36,0,36,34961.2,0,0,0.37569,0,0,0,0,0,0,0,0,0,0,0,0,0,0,0,0,16.4982
326,5.43333,36,0,36,34961.2,0,0,0.37569,0,0,0,0,0,0,0,0,0,0,0,0,0,0,0,0,16.4982
327,5.45,36,0,36,34961.2,0,0,0.37569,0,0,0,0,0,0,0,0,0,0,0,0,0,0,0,0,16.4982
328,5.46667,36,0,36,34961.2,0,0,0.37569,0,0,0,0,0,0,0,0,0,0,0,0,0,0,0,0,16.4982
329,5.48333,36,0,36,34961.2,0,0,0.37569,0,0,0,0,0,0,0,0,0,0,0,0,0,0,0,0,16.4982
330,5.5,36,0,36,34961.2,0,0,0.37569,0,0,0,0,0,0,0,0,0,0,0,0,0,0,0,0,16.4982
331,5.51667,36,0,36,34961.2,0,0,0.37569,0,0,0,0,0,0,0,0,0,0,0,0,0,0,0,0,16.4982
332,5.53333,36,0,36,34961.2,0,0,0.37569,0,0,0,0,0,0,0,0,0,0,0,0,0,0,0,0,16.4982
333,5.55,36,0,36,34961.2,0,0,0.37569,0,0,0,0,0,0,0,0,0,0,0,0,0,0,0,0,16.4982
334,5.56667,36,0,36,34961.2,0,0,0.37569,0,0,0,0,0,0,0,0,0,0,0,0,0,0,0,0,16.4982
335,5.58333,36,0,36,34961.2,0,0,0.37569,0,0,0,0,0,0,0,0,0,0,0,0,0,0,0,0,16.4982
336,5.6,36,0,36,34961.2,0,0,0.37569,0,0,0,0,0,0,0,0,0,0,0,0,0,0,0,0,16.4982
337,5.61667,36,0,36,34961.2,0,0,0.37569,0,0,0,0,0,0,0,0,0,0,0,0,0,0,0,0,16.4982
338,5.63333,36,0,36,34961.2,0,0,0.37569,0,0,0,0,0,0,0,0,0,0,0,0,0,0,0,0,16.4982
339,5.65,36,0,36,34961.2,0,0,0.37569,0,0,0,0,0,0,0,0,0,0,0,0,0,0,0,0,16.4982
340,5.66667,36,0,36,34961.2,0,0,0.37569,0,0,0,0,0,0,0,0,0,0,0,0,0,0,0,0,16.4982
341,5.68333,36,0,36,34961.2,0,0,0.37569,0,0,0,0,0,0,0,0,0,0,0,0,0,0,0,0,16.4982
342,5.7,36,0,36,34961.2,0,0,0.37569,0,0,0,0,0,0,0,0,0,0,0,0,0,0,0,0,16.4982
343,5.71667,36,0,36,34961.2,0,0,0.37569,0,0,0,0,0,0,0,0,0,0,0,0,0,0,0,0,16.4982
344,5.73333,36,0,36,34961.2,0,0,0.37569,0,0,0,0,0,0,0,0,0,0,0,0,0,0,0,0,16.4982
345,5.75,36,0,36,34961.2,0,0,0.37569,0,0,0,0,0,0,0,0,0,0,0,0,0,0,0,0,16.4982
346,5.76667,36,0,36,34961.2,0,0,0.37569,0,0,0,0,0,0,0,0,0,0,0,0,0,0,0,0,16.4982
347,5.78333,36,0,36,34961.2,0,0,0.37569,0,0,0,0,0,0,0,0,0,0,0,0,0,0,0,0,16.4982
348,5.8,36,0,36,34961.2,0,0,0.37569,0,0,0,0,0,0,0,0,0,0,0,0,0,0,0,0,16.4982
349,5.81667,36,0,36,34961.2,0,0,0.37569,0,0,0,0,0,0,0,0,0,0,0,0,0,0,0,0,16.4982
350,5.83333,36,0,36,34961.2,0,0,0.37569,0,0,0,0,0,0,0,0,0,0,0,0,0,0,0,0,16.4982
351,5.85,36,0,36,34961.2,0,0,0.37569,0,0,0,0,0,0,0,0,0,0,0,0,0,0,0,0,16.4982
352,5.86667,36,0,36,34961.2,0,0,0.37569,0,0,0,0,0,0,0,0,0,0,0,0,0,0,0,0,16.4982
353,5.88333,36,0,36,34961.2,0,0,0.37569,0,0,0,0,0,0,0,0,0,0,0,0,0,0,0,0,16.4982
354,5.9,36,0,36,34961.2,0,0,0.37569,0,0,0,0,0,0,0,0,0,0,0,0,0,0,0,0,16.4982
355,5.91667,36,0,36,34961.2,0,0,0.37569,0,0,0,0,0,0,0,0,0,0,0,0,0,0,0,0,16.4982
356,5.93333,36,0,36,34961.2,0,0,0.37569,0,0,0,0,0,0,0,0,0,0,0,0,0,0,0,0,16.4982
357,5.95,36,0,36,34961.2,0,0,0.37569,0,0,0,0,0,0,0,0,0,0,0,0,0,0,0,0,16.4982
358,5.96667,36,0,36,34961.2,0,0,0.37569,0,0,0,0,0,0,0,0,0,0,0,0,0,0,0,0,16.4982
359,5.98333,36,0,36,34961.2,0,0,0.37569,0,0,0,0,0,0,0,0,0,0,0,0,0,0,0,0,16.4982
360,6,36,0,36,34961.2,0,0,0.37569,0,0,0,0,0,0,0,0,0,0,0,0,0,0,0,0,16.4982
361,6.01667,36,0,36,34961.2,0,0,0.37569,0,0,0,0,0,0,0,0,0,0,0,0,0,0,0,0,16.4982
362,6.03333,36,0,36,34961.2,0,0,0.37569,0,0,0,0,0,0,0,0,0,0,0,0,0,0,0,0,16.4982
363,6.05,36,0,36,34961.2,0,0,0.37569,0,0,0,0,0,0,0,0,0,0,0,0,0,0,0,0,16.4982
364,6.06667,36,0,36,34961.2,0,0,0.37569,0,0,0,0,0,0,0,0,0,0,0,0,0,0,0,0,16.4982
365,6.08333,36,0,36,34961.2,0,0,0.37569,0,0,0,0,0,0,0,0,0,0,0,0,0,0,0,0,16.4982
366,6.1,36,0,36,34961.2,0,0,0.37569,0,0,0,0,0,0,0,0,0,0,0,0,0,0,0,0,16.4982
367,6.11667,36,0,36,34961.2,0,0,0.37569,0,0,0,0,0,0,0,0,0,0,0,0,0,0,0,0,16.4982
368,6.13333,36,0,36,34961.2,0,0,0.37569,0,0,0,0,0,0,0,0,0,0,0,0,0,0,0,0,16.4982
369,6.15,36,0,36,34961.2,0,0,0.37569,0,0,0,0,0,0,0,0,0,0,0,0,0,0,0,0,16.4982
370,6.16667,36,0,36,34961.2,0,0,0.37569,0,0,0,0,0,0,0,0,0,0,0,0,0,0,0,0,16.4982
371,6.18333,36,0,36,34961.2,0,0,0.37569,0,0,0,0,0,0,0,0,0,0,0,0,0,0,0,0,16.4982
372,6.2,36,0,36,34961.2,0,0,0.37569,0,0,0,0,0,0,0,0,0,0,0,0,0,0,0,0,16.4982
373,6.21667,36,0,36,34961.2,0,0,0.37569,0,0,0,0,0,0,0,0,0,0,0,0,0,0,0,0,16.4982
374,6.23333,36,0,36,34961.2,0,0,0.37569,0,0,0,0,0,0,0,0,0,0,0,0,0,0,0,0,16.4982
375,6.25,36,0,36,34961.2,0,0,0.37569,0,0,0,0,0,0,0,0,0,0,0,0,0,0,0,0,16.4982
376,6.26667,36,0,36,34961.2,0,0,0.37569,0,0,0,0,0,0,0,0,0,0,0,0,0,0,0,0,16.4982
377,6.28333,36,0,36,34961.2,0,0,0.37569,0,0,0,0,0,0,0,0,0,0,0,0,0,0,0,0,16.4982
378,6.3,36,0,36,34961.2,0,0,0.37569,0,0,0,0,0,0,0,0,0,0,0,0,0,0,0,0,16.4982
379,6.31667,36,0,36,34961.2,0,0,0.37569,0,0,0,0,0,0,0,0,0,0,0,0,0,0,0,0,16.4982
380,6.33333,36,0,36,34961.2,0,0,0.37569,0,0,0,0,0,0,0,0,0,0,0,0,0,0,0,0,16.4982
381,6.35,36,0,36,34961.2,0,0,0.37569,0,0,0,0,0,0,0,0,0,0,0,0,0,0,0,0,16.4982
382,6.36667,36,0,36,34961.2,0,0,0.37569,0,0,0,0,0,0,0,0,0,0,0,0,0,0,0,0,16.4982
383,6.38333,36,0,36,34961.2,0,0,0.37569,0,0,0,0,0,0,0,0,0,0,0,0,0,0,0,0,16.4982
384,6.4,36,0,36,34961.2,0,0,0.37569,0,0,0,0,0,0,0,0,0,0,0,0,0,0,0,0,16.4982
385,6.41667,36,0,36,34961.2,0,0,0.37569,0,0,0,0,0,0,0,0,0,0,0,0,0,0,0,0,16.4982
386,6.43333,36,0,36,34961.2,0,0,0.37569,0,0,0,0,0,0,0,0,0,0,0,0,0,0,0,0,16.4982
387,6.45,36,0,36,34961.2,0,0,0.37569,0,0,0,0,0,0,0,0,0,0,0,0,0,0,0,0,16.4982
388,6.46667,36,0,36,34961.2,0,0,0.37569,0,0,0,0,0,0,0,0,0,0,0,0,0,0,0,0,16.4982
389,6.48333,36,0,36,34961.2,0,0,0.37569,0,0,0,0,0,0,0,0,0,0,0,0,0,0,0,0,16.4982
390,6.5,36,0,36,34961.2,0,0,0.37569,0,0,0,0,0,0,0,0,0,0,0,0,0,0,0,0,16.4982
391,6.51667,36,0,36,34961.2,0,0,0.37569,0,0,0,0,0,0,0,0,0,0,0,0,0,0,0,0,16.4982
392,6.53333,36,0,36,34961.2,0,0,0.37569,0,0,0,0,0,0,0,0,0,0,0,0,0,0,0,0,16.4982
393,6.55,36,0,36,34961.2,0,0,0.37569,0,0,0,0,0,0,0,0,0,0,0,0,0,0,0,0,16.4982
394,6.56667,36,0,36,34961.2,0,0,0.37569,0,0,0,0,0,0,0,0,0,0,0,0,0,0,0,0,16.4982
395,6.58333,36,0,36,34961.2,0,0,0.37569,0,0,0,0,0,0,0,0,0,0,0,0,0,0,0,0,16.4982
396,6.6,36,0,36,34961.2,0,0,0.37569,0,0,0,0,0,0,0,0,0,0,0,0,0,0,0,0,16.4982
397,6.61667,36,0,36,34961.2,0,0,0.37569,0,0,0,0,0,0,0,0,0,0,0,0,0,0,0,0,16.4982
398,6.63333,36,0,36,34961.2,0,0,0.37569,0,0,0,0,0,0,0,0,0,0,0,0,0,0,0,0,16.4982
399,6.65,36,0,36,34961.2,0,0,0.37569,0,0,0,0,0,0,0,0,0,0,0,0,0,0,0,0,16.4982
400,6.66667,36,0,36,34961.2,0,0,0.37569,0,0,0,0,0,0,0,0,0,0,0,0,0,0,0,0,16.4982
401,6.68333,36,0,36,34961.2,0,0,0.37569,0,0,0,0,0,0,0,0,0,0,0,0,0,0,0,0,16.4982
402,6.7,36,0,36,34961.2,0,0,0.37569,0,0,0,0,0,0,0,0,0,0,0,0,0,0,0,0,16.4982
403,6.71667,36,0,36,34961.2,0,0,0.37569,0,0,0,0,0,0,0,0,0,0,0,0,0,0,0,0,16.4982
404,6.73333,36,0,36,34961.2,0,0,0.37569,0,0,0,0,0,0,0,0,0,0,0,0,0,0,0,0,16.4982
405,6.75,36,0,36,34961.2,0,0,0.37569,0,0,0,0,0,0,0,0,0,0,0,0,0,0,0,0,16.4982
406,6.76667,36,0,36,34961.2,0,0,0.37569,0,0,0,0,0,0,0,0,0,0,0,0,0,0,0,0,16.4982
407,6.78333,36,0,36,34961.2,0,0,0.37569,0,0,0,0,0,0,0,0,0,0,0,0,0,0,0,0,16.4982
408,6.8,36,0,36,34961.2,0,0,0.37569,0,0,0,0,0,0,0,0,0,0,0,0,0,0,0,0,16.4982
409,6.81667,36,0,36,34961.2,0,0,0.37569,0,0,0,0,0,0,0,0,0,0,0,0,0,0,0,0,16.4982
410,6.83333,36,0,36,34961.2,0,0,0.37569,0,0,0,0,0,0,0,0,0,0,0,0,0,0,0,0,16.4982
411,6.85,36,0,36,34961.2,0,0,0.37569,0,0,0,0,0,0,0,0,0,0,0,0,0,0,0,0,16.4982
412,6.86667,36,0,36,34961.2,0,0,0.37569,0,0,0,0,0,0,0,0,0,0,0,0,0,0,0,0,16.4982
413,6.88333,36,0,36,34961.2,0,0,0.37569,0,0,0,0,0,0,0,0,0,0,0,0,0,0,0,0,16.4982
414,6.9,36,0,36,34961.2,0,0,0.37569,0,0,0,0,0,0,0,0,0,0,0,0,0,0,0,0,16.4982
415,6.91667,36,0,36,34961.2,0,0,0.37569,0,0,0,0,0,0,0,0,0,0,0,0,0,0,0,0,16.4982
416,6.93333,36,0,36,34961.2,0,0,0.37569,0,0,0,0,0,0,0,0,0,0,0,0,0,0,0,0,16.4982
417,6.95,36,0,36,34961.2,0,0,0.37569,0,0,0,0,0,0,0,0,0,0,0,0,0,0,0,0,16.4982
418,6.96667,36,0,36,34961.2,0,0,0.37569,0,0,0,0,0,0,0,0,0,0,0,0,0,0,0,0,16.4982
419,6.98333,36,0,36,34961.2,0,0,0.37569,0,0,0,0,0,0,0,0,0,0,0,0,0,0,0,0,16.4982
420,7,36,0,36,34961.2,0,0,0.37569,0,0,0,0,0,0,0,0,0,0,0,0,0,0,0,0,16.4982
421,7.01667,36,0,36,34961.2,0,0,0.37569,0,0,0,0,0,0,0,0,0,0,0,0,0,0,0,0,16.4982
422,7.03333,36,0,36,34961.2,0,0,0.37569,0,0,0,0,0,0,0,0,0,0,0,0,0,0,0,0,16.4982
423,7.05,36,0,36,34961.2,0,0,0.37569,0,0,0,0,0,0,0,0,0,0,0,0,0,0,0,0,16.4982
424,7.06667,36,0,36,34961.2,0,0,0.37569,0,0,0,0,0,0,0,0,0,0,0,0,0,0,0,0,16.4982
425,7.08333,36,0,36,34961.2,0,0,0.37569,0,0,0,0,0,0,0,0,0,0,0,0,0,0,0,0,16.4982
426,7.1,36,0,36,34961.2,0,0,0.37569,0,0,0,0,0,0,0,0,0,0,0,0,0,0,0,0,16.4982
427,7.11667,36,0,36,34961.2,0,0,0.37569,0,0,0,0,0,0,0,0,0,0,0,0,0,0,0,0,16.4982
428,7.13333,36,0,36,34961.2,0,0,0.37569,0,0,0,0,0,0,0,0,0,0,0,0,0,0,0,0,16.4982
429,7.15,36,0,36,34961.2,0,0,0.37569,0,0,0,0,0,0,0,0,0,0,0,0,0,0,0,0,16.4982
430,7.16667,36,0,36,34961.2,0,0,0.37569,0,0,0,0,0,0,0,0,0,0,0,0,0,0,0,0,16.4982
431,7.18333,36,0,36,34961.2,0,0,0.37569,0,0,0,0,0,0,0,0,0,0,0,0,0,0,0,0,16.4982
432,7.2,36,0,36,34961.2,0,0,0.37569,0,0,0,0,0,0,0,0,0,0,0,0,0,0,0,0,16.4982
433,7.21667,36,0,36,34961.2,0,0,0.37569,0,0,0,0,0,0,0,0,0,0,0,0,0,0,0,0,16.4982
434,7.23333,36,0,36,34961.2,0,0,0.37569,0,0,0,0,0,0,0,0,0,0,0,0,0,0,0,0,16.4982
435,7.25,36,0,36,34961.2,0,0,0.37569,0,0,0,0,0,0,0,0,0,0,0,0,0,0,0,0,16.4982
436,7.26667,36,0,36,34961.2,0,0,0.37569,0,0,0,0,0,0,0,0,0,0,0,0,0,0,0,0,16.4982
437,7.28333,36,0,36,34961.2,0,0,0.37569,0,0,0,0,0,0,0,0,0,0,0,0,0,0,0,0,16.4982
438,7.3,36,0,36,34961.2,0,0,0.37569,0,0,0,0,0,0,0,0,0,0,0,0,0,0,0,0,16.4982
439,7.31667,36,0,36,34961.2,0,0,0.37569,0,0,0,0,0,0,0,0,0,0,0,0,0,0,0,0,16.4982
440,7.33333,36,0,36,34961.2,0,0,0.37569,0,0,0,0,0,0,0,0,0,0,0,0,0,0,0,0,16.4982
441,7.35,36,0,36,34961.2,0,0,0.37569,0,0,0,0,0,0,0,0,0,0,0,0,0,0,0,0,16.4982
442,7.36667,36,0,36,34961.2,0,0,0.37569,0,0,0,0,0,0,0,0,0,0,0,0,0,0,0,0,16.4982
443,7.38333,36,0,36,34961.2,0,0,0.37569,0,0,0,0,0,0,0,0,0,0,0,0,0,0,0,0,16.4982
444,7.4,36,0,36,34961.2,0,0,0.37569,0,0,0,0,0,0,0,0,0,0,0,0,0,0,0,0,16.4982
445,7.41667,36,0,36,34961.2,0,0,0.37569,0,0,0,0,0,0,0,0,0,0,0,0,0,0,0,0,16.4982
446,7.43333,36,0,36,34961.2,0,0,0.37569,0,0,0,0,0,0,0,0,0,0,0,0,0,0,0,0,16.4982
447,7.45,36,0,36,34961.2,0,0,0.37569,0,0,0,0,0,0,0,0,0,0,0,0,0,0,0,0,16.4982
448,7.46667,36,0,36,34961.2,0,0,0.37569,0,0,0,0,0,0,0,0,0,0,0,0,0,0,0,0,16.4982
449,7.48333,36,0,36,34961.2,0,0,0.37569,0,0,0,0,0,0,0,0,0,0,0,0,0,0,0,0,16.4982
450,7.5,36,0,36,34961.2,0,0,0.37569,0,0,0,0,0,0,0,0,0,0,0,0,0,0,0,0,16.4982
451,7.51667,36,0,36,34961.2,0,0,0.37569,0,0,0,0,0,0,0,0,0,0,0,0,0,0,0,0,16.4982
452,7.53333,36,0,36,34961.2,0,0,0.37569,0,0,0,0,0,0,0,0,0,0,0,0,0,0,0,0,16.4982
453,7.55,36,0,36,34961.2,0,0,0.37569,0,0,0,0,0,0,0,0,0,0,0,0,0,0,0,0,16.4982
454,7.56667,36,0,36,34961.2,0,0,0.37569,0,0,0,0,0,0,0,0,0,0,0,0,0,0,0,0,16.4982
455,7.58333,36,0,36,34961.2,0,0,0.37569,0,0,0,0,0,0,0,0,0,0,0,0,0,0,0,0,16.4982
456,7.6,36,0,36,34961.2,0,0,0.37569,0,0,0,0,0,0,0,0,0,0,0,0,0,0,0,0,16.4982
457,7.61667,36,0,36,34961.2,0,0,0.37569,0,0,0,0,0,0,0,0,0,0,0,0,0,0,0,0,16.4982
458,7.63333,36,0,36,34961.2,0,0,0.37569,0,0,0,0,0,0,0,0,0,0,0,0,0,0,0,0,16.4982
459,7.65,36,0,36,34961.2,0,0,0.37569,0,0,0,0,0,0,0,0,0,0,0,0,0,0,0,0,16.4982
460,7.66667,36,0,36,34961.2,0,0,0.37569,0,0,0,0,0,0,0,0,0,0,0,0,0,0,0,0,16.4982
461,7.68333,36,0,36,34961.2,0,0,0.37569,0,0,0,0,0,0,0,0,0,0,0,0,0,0,0,0,16.4982
462,7.7,36,0,36,34961.2,0,0,0.37569,0,0,0,0,0,0,0,0,0,0,0,0,0,0,0,0,16.4982
463,7.71667,36,0,36,34961.2,0,0,0.37569,0,0,0,0,0,0,0,0,0,0,0,0,0,0,0,0,16.4982
464,7.73333,36,0,36,34961.2,0,0,0.37569,0,0,0,0,0,0,0,0,0,0,0,0,0,0,0,0,16.4982
465,7.75,36,0,36,34961.2,0,0,0.37569,0,0,0,0,0,0,0,0,0,0,0,0,0,0,0,0,16.4982
466,7.76667,36,0,36,34961.2,0,0,0.37569,0,0,0,0,0,0,0,0,0,0,0,0,0,0,0,0,16.4982
467,7.78333,36,0,36,34961.2,0,0,0.37569,0,0,0,0,0,0,0,0,0,0,0,0,0,0,0,0,16.4982
468,7.8,36,0,36,34961.2,0,0,0.37569,0,0,0,0,0,0,0,0,0,0,0,0,0,0,0,0,16.4982
469,7.81667,36,0,36,34961.2,0,0,0.37569,0,0,0,0,0,0,0,0,0,0,0,0,0,0,0,0,16.4982
470,7.83333,36,0,36,34961.2,0,0,0.37569,0,0,0,0,0,0,0,0,0,0,0,0,0,0,0,0,16.4982
471,7.85,36,0,36,34961.2,0,0,0.37569,0,0,0,0,0,0,0,0,0,0,0,0,0,0,0,0,16.4982
472,7.86667,36,0,36,34961.2,0,0,0.37569,0,0,0,0,0,0,0,0,0,0,0,0,0,0,0,0,16.4982
473,7.88333,36,0,36,34961.2,0,0,0.37569,0,0,0,0,0,0,0,0,0,0,0,0,0,0,0,0,16.4982
474,7.9,36,0,36,34961.2,0,0,0.37569,0,0,0,0,0,0,0,0,0,0,0,0,0,0,0,0,16.4982
475,7.91667,36,0,36,34961.2,0,0,0.37569,0,0,0,0,0,0,0,0,0,0,0,0,0,0,0,0,16.4982
476,7.93333,36,0,36,34961.2,0,0,0.37569,0,0,0,0,0,0,0,0,0,0,0,0,0,0,0,0,16.4982
477,7.95,36,0,36,34961.2,0,0,0.37569,0,0,0,0,0,0,0,0,0,0,0,0,0,0,0,0,16.4982
478,7.96667,36,0,36,34961.2,0,0,0.37569,0,0,0,0,0,0,0,0,0,0,0,0,0,0,0,0,16.4982
479,7.98333,36,0,36,34961.2,0,0,0.37569,0,0,0,0,0,0,0,0,0,0,0,0,0,0,0,0,16.4982
