tick,t,active,awake,asleep,energy,kinetic,injected,cum_injected,max_speed,p95_speed,churning,rebounds,kicks,launches,slept_clean,slept_forced,woke,color_skipped,constraints,hardcontact,hardcontact_max_depth,wake_requests,below_floor,min_y
0,0,1296,1296,0,1.10623e+06,1.35393,0,0,0.0358683,0.0231182,0,0,0,0,0,0,0,0,55002,0,0,0,0,13.1681
1,0.0166667,1296,1296,0,1.1062e+06,2.08786,0,0,0.0504768,0.0289563,0,0,0,0,0,0,0,0,49689,0,0,0,0,13.1673
2,0.0333333,1296,1296,0,1.10617e+06,2.05222,0,0,0.0515147,0.0293684,0,0,0,0,0,0,0,0,49685,0,0,0,0,13.1665
3,0.05,1296,1296,0,1.10614e+06,2.04771,0,0,0.0387382,0.0293036,0,0,0,0,0,0,0,0,48651,0,0,0,0,13.1659
4,0.0666667,1296,1296,0,1.10611e+06,1.92956,0,0,0.0331994,0.0266078,0,0,0,0,0,0,0,0,47448,0,0,0,0,13.1657
5,0.0833333,1296,1296,0,1.10609e+06,1.64003,0,0,0.0342716,0.0250221,0,0,0,0,0,0,0,0,46944,0,0,0,0,13.1657
6,0.1,1296,1296,0,1.10607e+06,1.40301,0,0,0.0320055,0.0247775,0,0,0,0,0,0,0,0,47295,0,0,0,0,13.1657
7,0.116667,1296,1296,0,1.10605e+06,1.15023,0,0,0.0482556,0.0234919,0,0,0,0,0,0,0,0,48958,0,0,0,0,13.1657
8,0.133333,1296,1296,0,1.10603e+06,0.928352,0,0,0.0280773,0.021458,0,0,0,0,0,0,0,0,50561,0,0,0,0,13.1657
9,0.15,1296,1296,0,1.10601e+06,0.835005,0,0,0.0233639,0.0209439,0,0,0,0,0,0,0,0,51074,0,0,0,0,13.1657
10,0.166667,1296,1296,0,1.10599e+06,0.781069,0,0,0.0253854,0.0201056,0,0,0,0,0,0,0,0,51246,0,0,0,0,13.1656
11,0.183333,1296,1296,0,1.10598e+06,0.72129,0,0,0.0249161,0.0190544,0,0,0,0,0,0,0,0,51555,0,0,0,0,13.1656
12,0.2,1296,1296,0,1.10596e+06,0.678105,0,0,0.0229613,0.018792,0,0,0,0,0,0,0,0,51715,0,0,0,0,13.1655
13,0.216667,1296,1296,0,1.10595e+06,0.650464,0,0,0.0209999,0.0182533,0,0,0,0,0,0,0,0,51708,0,0,0,0,13.1655
14,0.233333,1296,1296,0,1.10593e+06,0.628695,0,0,0.0204849,0.0177957,0,0,0,0,0,0,0,0,51777,0,0,0,0,13.1655
15,0.25,1296,1296,0,1.10592e+06,0.602088,0,0,0.020277,0.0173954,0,0,0,0,0,0,0,0,51967,0,0,0,0,13.1653
16,0.266667,1296,1296,0,1.10591e+06,0.573556,0,0,0.0203785,0.0172806,0,0,0,0,0,0,0,0,51974,0,0,0,0,13.1652
17,0.283333,1296,1296,0,1.10589e+06,0.554185,0,0,0.0201677,0.0172814,0,0,0,0,0,0,0,0,51988,0,0,0,0,13.1652
18,0.3,1296,1296,0,1.10588e+06,0.538855,0,0,0.0199209,0.0170766,0,0,0,0,0,0,0,0,51888,0,0,0,0,13.1652
19,0.316667,1296,1296,0,1.10587e+06,0.518858,0,0,0.0195724,0.016594,0,0,0,0,0,0,0,0,51838,0,0,0,0,13.1652
20,0.333333,1296,1296,0,1.10585e+06,0.50706,0,0,0.0189986,0.0166527,0,0,0,0,0,0,0,0,51889,0,0,0,0,13.1651
21,0.35,1296,1296,0,1.10584e+06,0.507371,0,0,0.0232295,0.0166513,0,0,0,0,0,0,0,0,51869,0,0,0,0,13.1647
22,0.366667,1296,1296,0,1.10583e+06,0.504876,0,0,0.0213134,0.0163676,0,0,0,0,0,0,0,0,51833,0,0,0,0,13.1647
23,0.383333,1296,1296,0,1.10581e+06,0.499537,0,0,0.0193409,0.0161066,0,0,0,0,0,0,0,0,51816,0,0,0,0,13.1646
24,0.4,1296,1296,0,1.1058e+06,0.497855,0,0,0.0196838,0.0162035,0,0,0,0,0,0,0,0,51807,0,0,0,0,13.1646
25,0.416667,1296,1296,0,1.10579e+06,0.501138,0,0,0.0191425,0.0160479,0,0,0,0,0,0,0,0,51697,0,0,0,0,13.1645
26,0.433333,1296,1296,0,1.10578e+06,0.505986,0,0,0.023374,0.015934,0,0,0,0,0,0,0,0,51560,0,0,0,0,13.1645
27,0.45,1296,1296,0,1.10576e+06,0.506974,0,0,0.0206617,0.0156213,0,0,0,0,0,0,0,0,51535,0,0,0,0,13.1645
28,0.466667,1296,1296,0,1.10575e+06,0.493874,0,0,0.0202641,0.0156238,0,0,0,0,0,0,0,0,51606,0,0,0,0,13.1645
29,0.483333,1296,1296,0,1.10574e+06,0.482456,0,0,0.0192847,0.0157933,0,0,0,0,0,0,0,0,51484,0,0,0,0,13.1645
30,0.5,1296,1296,0,1.10572e+06,0.469137,0,0,0.0196269,0.0157055,0,0,0,0,0,0,0,0,51475,0,0,0,0,13.1645
31,0.516667,1296,1296,0,1.10571e+06,0.472141,0,0,0.0199052,0.0157979,0,0,0,0,0,0,0,0,51379,0,0,0,0,13.1645
32,0.533333,1296,1296,0,1.1057e+06,0.453128,0,0,0.0179731,0.0154512,0,0,0,0,0,0,0,0,51396,0,0,0,0,13.1645
33,0.55,1296,1296,0,1.10569e+06,0.431116,0,0,0.0193179,0.0154499,0,0,0,0,0,0,0,0,51419,0,0,0,0,13.1645
34,0.566667,1296,1296,0,1.10568e+06,0.410912,0,0,0.0182591,0.0152206,0,0,0,0,0,0,0,0,51524,0,0,0,0,13.1644
35,0.583333,1296,1296,0,1.10567e+06,0.40923,0,0,0.0221639,0.0152275,0,0,0,0,0,0,0,0,51541,0,0,0,0,13.1644
36,0.6,1296,1296,0,1.10565e+06,0.3847,0,0,0.0192509,0.0150027,0,0,0,0,0,0,0,0,51543,0,0,0,0,13.1644
37,0.616667,1296,1296,0,1.10564e+06,0.377547,0,0,0.0178522,0.0148205,0,0,0,0,0,0,0,0,51424,0,0,0,0,13.1644
38,0.633333,1296,1296,0,1.10563e+06,0.376405,0,0,0.0197478,0.0148827,0,0,0,0,0,0,0,0,51565,0,0,0,0,13.1644
39,0.65,1296,1296,0,1.10562e+06,0.378331,0,0,0.0202661,0.0146575,0,0,0,0,0,0,0,0,51646,0,0,0,0,13.1644
40,0.666667,1296,1296,0,1.10561e+06,0.376785,0,0,0.0180477,0.014534,0,0,0,0,0,0,0,0,51628,0,0,0,0,13.1643
41,0.683333,1296,1296,0,1.1056e+06,0.374401,0,0,0.0178532,0.0146335,0,0,0,0,0,0,0,0,51473,0,0,0,0,13.1642
42,0.7,1296,1296,0,1.10559e+06,0.365098,0,0,0.0183128,0.0145129,0,0,0,0,0,0,0,0,51542,0,0,0,0,13.1642
43,0.716667,1296,1296,0,1.10558e+06,0.363296,0,0,0.0202564,0.0143056,0,0,0,0,0,0,0,0,51430,0,0,0,0,13.1642
44,0.733333,1296,1296,0,1.10557e+06,0.356859,0,0,0.0202008,0.0142552,0,0,0,0,0,0,0,0,51458,0,0,0,0,13.1641
45,0.75,1296,1296,0,1.10556e+06,0.348214,0,0,0.0193459,0.0140499,0,0,0,0,0,0,0,0,51396,0,0,0,0,13.1641
46,0.766667,1296,1296,0,1.10555e+06,0.334384,0,0,0.0168617,0.0133897,0,0,0,0,0,0,0,0,51481,0,0,0,0,13.1641
47,0.783333,1296,1296,0,1.10554e+06,0.335448,0,0,0.0177979,0.013394,0,0,0,0,0,0,0,0,51435,0,0,0,0,13.1641
48,0.8,1296,1296,0,1.10553e+06,0.343126,0,0,0.0188831,0.0138224,0,0,0,0,0,0,0,0,51456,0,0,0,0,13.1641
49,0.816667,1296,1296,0,1.10552e+06,0.349975,0,0,0.0168804,0.0137805,0,0,0,0,0,0,0,0,51430,0,0,0,0,13.1641
50,0.833333,1296,1296,0,1.10551e+06,0.352949,0,0,0.0188326,0.0139348,0,0,0,0,0,0,0,0,51417,0,0,0,0,13.1641
51,0.85,1296,1296,0,1.1055e+06,0.35103,0,0,0.0175667,0.0139389,0,0,0,0,0,0,0,0,51378,0,0,0,0,13.164
52,0.866667,1296,1296,0,1.10549e+06,0.349939,0,0,0.0232043,0.0139619,0,0,0,0,0,0,0,0,51532,0,0,0,0,13.164
53,0.883333,1296,1296,0,1.10548e+06,0.337207,0,0,0.0174014,0.0140837,0,0,0,0,0,0,0,0,51518,0,0,0,0,13.1639
54,0.9,1296,1296,0,1.10547e+06,0.33512,0,0,0.0226836,0.0138281,0,0,0,0,0,0,0,0,51479,0,0,0,0,13.1639
55,0.916667,1296,1296,0,1.10546e+06,0.331271,0,0,0.0181962,0.0139618,0,0,0,0,0,0,0,0,51370,0,0,0,0,13.1638
56,0.933333,1296,1296,0,1.10545e+06,0.320578,0,0,0.0202949,0.0138484,0,0,0,0,0,0,0,0,51435,0,0,0,0,13.1638
57,0.95,1296,1296,0,1.10544e+06,0.318026,0,0,0.01894,0.0137906,0,0,0,0,0,0,0,0,51318,0,0,0,0,13.1638
58,0.966667,1296,1296,0,1.10543e+06,0.304224,0,0,0.0175998,0.013394,0,0,0,0,0,0,0,0,51394,0,0,0,0,13.1637
59,0.983333,1296,0,1296,1.10542e+06,0,0,0,0,0,0,0,0,0,1296,0,0,0,51423,0,0,0,0,13.1637
60,1,1296,0,1296,1.10542e+06,0,0,0,0,0,0,0,0,0,0,0,0,0,0,0,0,0,0,13.1637
61,1.01667,1296,0,1296,1.10542e+06,0,0,0,0,0,0,0,0,0,0,0,0,0,0,0,0,0,0,13.1637
62,1.03333,1296,0,1296,1.10542e+06,0,0,0,0,0,0,0,0,0,0,0,0,0,0,0,0,0,0,13.1637
63,1.05,1296,0,1296,1.10542e+06,0,0,0,0,0,0,0,0,0,0,0,0,0,0,0,0,0,0,13.1637
64,1.06667,1296,0,1296,1.10542e+06,0,0,0,0,0,0,0,0,0,0,0,0,0,0,0,0,0,0,13.1637
65,1.08333,1296,0,1296,1.10542e+06,0,0,0,0,0,0,0,0,0,0,0,0,0,0,0,0,0,0,13.1637
66,1.1,1296,0,1296,1.10542e+06,0,0,0,0,0,0,0,0,0,0,0,0,0,0,0,0,0,0,13.1637
67,1.11667,1296,0,1296,1.10542e+06,0,0,0,0,0,0,0,0,0,0,0,0,0,0,0,0,0,0,13.1637
68,1.13333,1296,0,1296,1.10542e+06,0,0,0,0,0,0,0,0,0,0,0,0,0,0,0,0,0,0,13.1637
69,1.15,1296,0,1296,1.10542e+06,0,0,0,0,0,0,0,0,0,0,0,0,0,0,0,0,0,0,13.1637
70,1.16667,1296,0,1296,1.10542e+06,0,0,0,0,0,0,0,0,0,0,0,0,0,0,0,0,0,0,13.1637
71,1.18333,1296,0,1296,1.10542e+06,0,0,0,0,0,0,0,0,0,0,0,0,0,0,0,0,0,0,13.1637
72,1.2,1296,0,1296,1.10542e+06,0,0,0,0,0,0,0,0,0,0,0,0,0,0,0,0,0,0,13.1637
73,1.21667,1296,0,1296,1.10542e+06,0,0,0,0,0,0,0,0,0,0,0,0,0,0,0,0,0,0,13.1637
74,1.23333,1296,0,1296,1.10542e+06,0,0,0,0,0,0,0,0,0,0,0,0,0,0,0,0,0,0,13.1637
75,1.25,1296,0,1296,1.10542e+06,0,0,0,0,0,0,0,0,0,0,0,0,0,0,0,0,0,0,13.1637
76,1.26667,1296,0,1296,1.10542e+06,0,0,0,0,0,0,0,0,0,0,0,0,0,0,0,0,0,0,13.1637
77,1.28333,1296,0,1296,1.10542e+06,0,0,0,0,0,0,0,0,0,0,0,0,0,0,0,0,0,0,13.1637
78,1.3,1296,0,1296,1.10542e+06,0,0,0,0,0,0,0,0,0,0,0,0,0,0,0,0,0,0,13.1637
79,1.31667,1296,0,1296,1.10542e+06,0,0,0,0,0,0,0,0,0,0,0,0,0,0,0,0,0,0,13.1637
80,1.33333,1296,0,1296,1.10542e+06,0,0,0,0,0,0,0,0,0,0,0,0,0,0,0,0,0,0,13.1637
81,1.35,1296,0,1296,1.10542e+06,0,0,0,0,0,0,0,0,0,0,0,0,0,0,0,0,0,0,13.1637
82,1.36667,1296,0,1296,1.10542e+06,0,0,0,0,0,0,0,0,0,0,0,0,0,0,0,0,0,0,13.1637
83,1.38333,1296,0,1296,1.10542e+06,0,0,0,0,0,0,0,0,0,0,0,0,0,0,0,0,0,0,13.1637
84,1.4,1296,0,1296,1.10542e+06,0,0,0,0,0,0,0,0,0,0,0,0,0,0,0,0,0,0,13.1637
85,1.41667,1296,0,1296,1.10542e+06,0,0,0,0,0,0,0,0,0,0,0,0,0,0,0,0,0,0,13.1637
86,1.43333,1296,0,1296,1.10542e+06,0,0,0,0,0,0,0,0,0,0,0,0,0,0,0,0,0,0,13.1637
87,1.45,1296,0,1296,1.10542e+06,0,0,0,0,0,0,0,0,0,0,0,0,0,0,0,0,0,0,13.1637
88,1.46667,1296,0,1296,1.10542e+06,0,0,0,0,0,0,0,0,0,0,0,0,0,0,0,0,0,0,13.1637
89,1.48333,1296,0,1296,1.10542e+06,0,0,0,0,0,0,0,0,0,0,0,0,0,0,0,0,0,0,13.1637
90,1.5,1296,0,1296,1.10542e+06,0,0,0,0,0,0,0,0,0,0,0,0,0,0,0,0,0,0,13.1637
91,1.51667,1296,0,1296,1.10542e+06,0,0,0,0,0,0,0,0,0,0,0,0,0,0,0,0,0,0,13.1637
92,1.53333,1296,0,1296,1.10542e+06,0,0,0,0,0,0,0,0,0,0,0,0,0,0,0,0,0,0,13.1637
93,1.55,1296,0,1296,1.10542e+06,0,0,0,0,0,0,0,0,0,0,0,0,0,0,0,0,0,0,13.1637
94,1.56667,1296,0,1296,1.10542e+06,0,0,0,0,0,0,0,0,0,0,0,0,0,0,0,0,0,0,13.1637
95,1.58333,1296,0,1296,1.10542e+06,0,0,0,0,0,0,0,0,0,0,0,0,0,0,0,0,0,0,13.1637
96,1.6,1296,0,1296,1.10542e+06,0,0,0,0,0,0,0,0,0,0,0,0,0,0,0,0,0,0,13.1637
97,1.61667,1296,0,1296,1.10542e+06,0,0,0,0,0,0,0,0,0,0,0,0,0,0,0,0,0,0,13.1637
98,1.63333,1296,0,1296,1.10542e+06,0,0,0,0,0,0,0,0,0,0,0,0,0,0,0,0,0,0,13.1637
99,1.65,1296,0,1296,1.10542e+06,0,0,0,0,0,0,0,0,0,0,0,0,0,0,0,0,0,0,13.1637
100,1.66667,1296,0,1296,1.10542e+06,0,0,0,0,0,0,0,0,0,0,0,0,0,0,0,0,0,0,13.1637
101,1.68333,1296,0,1296,1.10542e+06,0,0,0,0,0,0,0,0,0,0,0,0,0,0,0,0,0,0,13.1637
102,1.7,1296,0,1296,1.10542e+06,0,0,0,0,0,0,0,0,0,0,0,0,0,0,0,0,0,0,13.1637
103,1.71667,1296,0,1296,1.10542e+06,0,0,0,0,0,0,0,0,0,0,0,0,0,0,0,0,0,0,13.1637
104,1.73333,1296,0,1296,1.10542e+06,0,0,0,0,0,0,0,0,0,0,0,0,0,0,0,0,0,0,13.1637
105,1.75,1296,0,1296,1.10542e+06,0,0,0,0,0,0,0,0,0,0,0,0,0,0,0,0,0,0,13.1637
106,1.76667,1296,0,1296,1.10542e+06,0,0,0,0,0,0,0,0,0,0,0,0,0,0,0,0,0,0,13.1637
107,1.78333,1296,0,1296,1.10542e+06,0,0,0,0,0,0,0,0,0,0,0,0,0,0,0,0,0,0,13.1637
108,1.8,1296,0,1296,1.10542e+06,0,0,0,0,0,0,0,0,0,0,0,0,0,0,0,0,0,0,13.1637
109,1.81667,1296,0,1296,1.10542e+06,0,0,0,0,0,0,0,0,0,0,0,0,0,0,0,0,0,0,13.1637
110,1.83333,1296,0,1296,1.10542e+06,0,0,0,0,0,0,0,0,0,0,0,0,0,0,0,0,0,0,13.1637
111,1.85,1296,0,1296,1.10542e+06,0,0,0,0,0,0,0,0,0,0,0,0,0,0,0,0,0,0,13.1637
112,1.86667,1296,0,1296,1.10542e+06,0,0,0,0,0,0,0,0,0,0,0,0,0,0,0,0,0,0,13.1637
113,1.88333,1296,0,1296,1.10542e+06,0,0,0,0,0,0,0,0,0,0,0,0,0,0,0,0,0,0,13.1637
114,1.9,1296,0,1296,1.10542e+06,0,0,0,0,0,0,0,0,0,0,0,0,0,0,0,0,0,0,13.1637
115,1.91667,1296,0,1296,1.10542e+06,0,0,0,0,0,0,0,0,0,0,0,0,0,0,0,0,0,0,13.1637
116,1.93333,1296,0,1296,1.10542e+06,0,0,0,0,0,0,0,0,0,0,0,0,0,0,0,0,0,0,13.1637
117,1.95,1296,0,1296,1.10542e+06,0,0,0,0,0,0,0,0,0,0,0,0,0,0,0,0,0,0,13.1637
118,1.96667,1296,0,1296,1.10542e+06,0,0,0,0,0,0,0,0,0,0,0,0,0,0,0,0,0,0,13.1637
119,1.98333,1296,0,1296,1.10542e+06,0,0,0,0,0,0,0,0,0,0,0,0,0,0,0,0,0,0,13.1637
120,2,1296,0,1296,1.10542e+06,0,0,0,0,0,0,0,0,0,0,0,0,0,0,0,0,0,0,13.1637
121,2.01667,1296,0,1296,1.10542e+06,0,0,0,0,0,0,0,0,0,0,0,0,0,0,0,0,0,0,13.1637
122,2.03333,1296,0,1296,1.10542e+06,0,0,0,0,0,0,0,0,0,0,0,0,0,0,0,0,0,0,13.1637
123,2.05,1296,0,1296,1.10542e+06,0,0,0,0,0,0,0,0,0,0,0,0,0,0,0,0,0,0,13.1637
124,2.06667,1296,0,1296,1.10542e+06,0,0,0,0,0,0,0,0,0,0,0,0,0,0,0,0,0,0,13.1637
125,2.08333,1296,0,1296,1.10542e+06,0,0,0,0,0,0,0,0,0,0,0,0,0,0,0,0,0,0,13.1637
126,2.1,1296,0,1296,1.10542e+06,0,0,0,0,0,0,0,0,0,0,0,0,0,0,0,0,0,0,13.1637
127,2.11667,1296,0,1296,1.10542e+06,0,0,0,0,0,0,0,0,0,0,0,0,0,0,0,0,0,0,13.1637
128,2.13333,1296,0,1296,1.10542e+06,0,0,0,0,0,0,0,0,0,0,0,0,0,0,0,0,0,0,13.1637
129,2.15,1296,0,1296,1.10542e+06,0,0,0,0,0,0,0,0,0,0,0,0,0,0,0,0,0,0,13.1637
130,2.16667,1296,0,1296,1.10542e+06,0,0,0,0,0,0,0,0,0,0,0,0,0,0,0,0,0,0,13.1637
131,2.18333,1296,0,1296,1.10542e+06,0,0,0,0,0,0,0,0,0,0,0,0,0,0,0,0,0,0,13.1637
132,2.2,1296,0,1296,1.10542e+06,0,0,0,0,0,0,0,0,0,0,0,0,0,0,0,0,0,0,13.1637
133,2.21667,1296,0,1296,1.10542e+06,0,0,0,0,0,0,0,0,0,0,0,0,0,0,0,0,0,0,13.1637
134,2.23333,1296,0,1296,1.10542e+06,0,0,0,0,0,0,0,0,0,0,0,0,0,0,0,0,0,0,13.1637
135,2.25,1296,0,1296,1.10542e+06,0,0,0,0,0,0,0,0,0,0,0,0,0,0,0,0,0,0,13.1637
136,2.26667,1296,0,1296,1.10542e+06,0,0,0,0,0,0,0,0,0,0,0,0,0,0,0,0,0,0,13.1637
137,2.28333,1296,0,1296,1.10542e+06,0,0,0,0,0,0,0,0,0,0,0,0,0,0,0,0,0,0,13.1637
138,2.3,1296,0,1296,1.10542e+06,0,0,0,0,0,0,0,0,0,0,0,0,0,0,0,0,0,0,13.1637
139,2.31667,1296,0,1296,1.10542e+06,0,0,0,0,0,0,0,0,0,0,0,0,0,0,0,0,0,0,13.1637
140,2.33333,1296,0,1296,1.10542e+06,0,0,0,0,0,0,0,0,0,0,0,0,0,0,0,0,0,0,13.1637
141,2.35,1296,0,1296,1.10542e+06,0,0,0,0,0,0,0,0,0,0,0,0,0,0,0,0,0,0,13.1637
142,2.36667,1296,0,1296,1.10542e+06,0,0,0,0,0,0,0,0,0,0,0,0,0,0,0,0,0,0,13.1637
143,2.38333,1296,0,1296,1.10542e+06,0,0,0,0,0,0,0,0,0,0,0,0,0,0,0,0,0,0,13.1637
144,2.4,1296,0,1296,1.10542e+06,0,0,0,0,0,0,0,0,0,0,0,0,0,0,0,0,0,0,13.1637
145,2.41667,1296,0,1296,1.10542e+06,0,0,0,0,0,0,0,0,0,0,0,0,0,0,0,0,0,0,13.1637
146,2.43333,1296,0,1296,1.10542e+06,0,0,0,0,0,0,0,0,0,0,0,0,0,0,0,0,0,0,13.1637
147,2.45,1296,0,1296,1.10542e+06,0,0,0,0,0,0,0,0,0,0,0,0,0,0,0,0,0,0,13.1637
148,2.46667,1296,0,1296,1.10542e+06,0,0,0,0,0,0,0,0,0,0,0,0,0,0,0,0,0,0,13.1637
149,2.48333,1296,0,1296,1.10542e+06,0,0,0,0,0,0,0,0,0,0,0,0,0,0,0,0,0,0,13.1637
150,2.5,1296,0,1296,1.10542e+06,0,0,0,0,0,0,0,0,0,0,0,0,0,0,0,0,0,0,13.1637
151,2.51667,1296,0,1296,1.10542e+06,0,0,0,0,0,0,0,0,0,0,0,0,0,0,0,0,0,0,13.1637
152,2.53333,1296,0,1296,1.10542e+06,0,0,0,0,0,0,0,0,0,0,0,0,0,0,0,0,0,0,13.1637
153,2.55,1296,0,1296,1.10542e+06,0,0,0,0,0,0,0,0,0,0,0,0,0,0,0,0,0,0,13.1637
154,2.56667,1296,0,1296,1.10542e+06,0,0,0,0,0,0,0,0,0,0,0,0,0,0,0,0,0,0,13.1637
155,2.58333,1296,0,1296,1.10542e+06,0,0,0,0,0,0,0,0,0,0,0,0,0,0,0,0,0,0,13.1637
156,2.6,1296,0,1296,1.10542e+06,0,0,0,0,0,0,0,0,0,0,0,0,0,0,0,0,0,0,13.1637
157,2.61667,1296,0,1296,1.10542e+06,0,0,0,0,0,0,0,0,0,0,0,0,0,0,0,0,0,0,13.1637
158,2.63333,1296,0,1296,1.10542e+06,0,0,0,0,0,0,0,0,0,0,0,0,0,0,0,0,0,0,13.1637
159,2.65,1296,0,1296,1.10542e+06,0,0,0,0,0,0,0,0,0,0,0,0,0,0,0,0,0,0,13.1637
160,2.66667,1296,0,1296,1.10542e+06,0,0,0,0,0,0,0,0,0,0,0,0,0,0,0,0,0,0,13.1637
161,2.68333,1296,0,1296,1.10542e+06,0,0,0,0,0,0,0,0,0,0,0,0,0,0,0,0,0,0,13.1637
162,2.7,1296,0,1296,1.10542e+06,0,0,0,0,0,0,0,0,0,0,0,0,0,0,0,0,0,0,13.1637
163,2.71667,1296,0,1296,1.10542e+06,0,0,0,0,0,0,0,0,0,0,0,0,0,0,0,0,0,0,13.1637
164,2.73333,1296,0,1296,1.10542e+06,0,0,0,0,0,0,0,0,0,0,0,0,0,0,0,0,0,0,13.1637
165,2.75,1296,0,1296,1.10542e+06,0,0,0,0,0,0,0,0,0,0,0,0,0,0,0,0,0,0,13.1637
166,2.76667,1296,0,1296,1.10542e+06,0,0,0,0,0,0,0,0,0,0,0,0,0,0,0,0,0,0,13.1637
167,2.78333,1296,0,1296,1.10542e+06,0,0,0,0,0,0,0,0,0,0,0,0,0,0,0,0,0,0,13.1637
168,2.8,1296,0,1296,1.10542e+06,0,0,0,0,0,0,0,0,0,0,0,0,0,0,0,0,0,0,13.1637
169,2.81667,1296,0,1296,1.10542e+06,0,0,0,0,0,0,0,0,0,0,0,0,0,0,0,0,0,0,13.1637
170,2.83333,1296,0,1296,1.10542e+06,0,0,0,0,0,0,0,0,0,0,0,0,0,0,0,0,0,0,13.1637
171,2.85,1296,0,1296,1.10542e+06,0,0,0,0,0,0,0,0,0,0,0,0,0,0,0,0,0,0,13.1637
172,2.86667,1296,0,1296,1.10542e+06,0,0,0,0,0,0,0,0,0,0,0,0,0,0,0,0,0,0,13.1637
173,2.88333,1296,0,1296,1.10542e+06,0,0,0,0,0,0,0,0,0,0,0,0,0,0,0,0,0,0,13.1637
174,2.9,1296,0,1296,1.10542e+06,0,0,0,0,0,0,0,0,0,0,0,0,0,0,0,0,0,0,13.1637
175,2.91667,1296,0,1296,1.10542e+06,0,0,0,0,0,0,0,0,0,0,0,0,0,0,0,0,0,0,13.1637
176,2.93333,1296,0,1296,1.10542e+06,0,0,0,0,0,0,0,0,0,0,0,0,0,0,0,0,0,0,13.1637
177,2.95,1296,0,1296,1.10542e+06,0,0,0,0,0,0,0,0,0,0,0,0,0,0,0,0,0,0,13.1637
178,2.96667,1296,0,1296,1.10542e+06,0,0,0,0,0,0,0,0,0,0,0,0,0,0,0,0,0,0,13.1637
179,2.98333,1296,0,1296,1.10542e+06,0,0,0,0,0,0,0,0,0,0,0,0,0,0,0,0,0,0,13.1637
180,3,1296,0,1296,1.10542e+06,0,0,0,0,0,0,0,0,0,0,0,0,0,0,0,0,0,0,13.1637
181,3.01667,1296,0,1296,1.10542e+06,0,0,0,0,0,0,0,0,0,0,0,0,0,0,0,0,0,0,13.1637
182,3.03333,1296,0,1296,1.10542e+06,0,0,0,0,0,0,0,0,0,0,0,0,0,0,0,0,0,0,13.1637
183,3.05,1296,0,1296,1.10542e+06,0,0,0,0,0,0,0,0,0,0,0,0,0,0,0,0,0,0,13.1637
184,3.06667,1296,0,1296,1.10542e+06,0,0,0,0,0,0,0,0,0,0,0,0,0,0,0,0,0,0,13.1637
185,3.08333,1296,0,1296,1.10542e+06,0,0,0,0,0,0,0,0,0,0,0,0,0,0,0,0,0,0,13.1637
186,3.1,1296,0,1296,1.10542e+06,0,0,0,0,0,0,0,0,0,0,0,0,0,0,0,0,0,0,13.1637
187,3.11667,1296,0,1296,1.10542e+06,0,0,0,0,0,0,0,0,0,0,0,0,0,0,0,0,0,0,13.1637
188,3.13333,1296,0,1296,1.10542e+06,0,0,0,0,0,0,0,0,0,0,0,0,0,0,0,0,0,0,13.1637
189,3.15,1296,0,1296,1.10542e+06,0,0,0,0,0,0,0,0,0,0,0,0,0,0,0,0,0,0,13.1637
190,3.16667,1296,0,1296,1.10542e+06,0,0,0,0,0,0,0,0,0,0,0,0,0,0,0,0,0,0,13.1637
191,3.18333,1296,0,1296,1.10542e+06,0,0,0,0,0,0,0,0,0,0,0,0,0,0,0,0,0,0,13.1637
192,3.2,1296,0,1296,1.10542e+06,0,0,0,0,0,0,0,0,0,0,0,0,0,0,0,0,0,0,13.1637
193,3.21667,1296,0,1296,1.10542e+06,0,0,0,0,0,0,0,0,0,0,0,0,0,0,0,0,0,0,13.1637
194,3.23333,1296,0,1296,1.10542e+06,0,0,0,0,0,0,0,0,0,0,0,0,0,0,0,0,0,0,13.1637
195,3.25,1296,0,1296,1.10542e+06,0,0,0,0,0,0,0,0,0,0,0,0,0,0,0,0,0,0,13.1637
196,3.26667,1296,0,1296,1.10542e+06,0,0,0,0,0,0,0,0,0,0,0,0,0,0,0,0,0,0,13.1637
197,3.28333,1296,0,1296,1.10542e+06,0,0,0,0,0,0,0,0,0,0,0,0,0,0,0,0,0,0,13.1637
198,3.3,1296,0,1296,1.10542e+06,0,0,0,0,0,0,0,0,0,0,0,0,0,0,0,0,0,0,13.1637
199,3.31667,1296,0,1296,1.10542e+06,0,0,0,0,0,0,0,0,0,0,0,0,0,0,0,0,0,0,13.1637
200,3.33333,1296,0,1296,1.10542e+06,0,0,0,0,0,0,0,0,0,0,0,0,0,0,0,0,0,0,13.1637
201,3.35,1296,0,1296,1.10542e+06,0,0,0,0,0,0,0,0,0,0,0,0,0,0,0,0,0,0,13.1637
202,3.36667,1296,0,1296,1.10542e+06,0,0,0,0,0,0,0,0,0,0,0,0,0,0,0,0,0,0,13.1637
203,3.38333,1296,0,1296,1.10542e+06,0,0,0,0,0,0,0,0,0,0,0,0,0,0,0,0,0,0,13.1637
204,3.4,1296,0,1296,1.10542e+06,0,0,0,0,0,0,0,0,0,0,0,0,0,0,0,0,0,0,13.1637
205,3.41667,1296,0,1296,1.10542e+06,0,0,0,0,0,0,0,0,0,0,0,0,0,0,0,0,0,0,13.1637
206,3.43333,1296,0,1296,1.10542e+06,0,0,0,0,0,0,0,0,0,0,0,0,0,0,0,0,0,0,13.1637
207,3.45,1296,0,1296,1.10542e+06,0,0,0,0,0,0,0,0,0,0,0,0,0,0,0,0,0,0,13.1637
208,3.46667,1296,0,1296,1.10542e+06,0,0,0,0,0,0,0,0,0,0,0,0,0,0,0,0,0,0,13.1637
209,3.48333,1296,0,1296,1.10542e+06,0,0,0,0,0,0,0,0,0,0,0,0,0,0,0,0,0,0,13.1637
210,3.5,1296,0,1296,1.10542e+06,0,0,0,0,0,0,0,0,0,0,0,0,0,0,0,0,0,0,13.1637
211,3.51667,1296,0,1296,1.10542e+06,0,0,0,0,0,0,0,0,0,0,0,0,0,0,0,0,0,0,13.1637
212,3.53333,1296,0,1296,1.10542e+06,0,0,0,0,0,0,0,0,0,0,0,0,0,0,0,0,0,0,13.1637
213,3.55,1296,0,1296,1.10542e+06,0,0,0,0,0,0,0,0,0,0,0,0,0,0,0,0,0,0,13.1637
214,3.56667,1296,0,1296,1.10542e+06,0,0,0,0,0,0,0,0,0,0,0,0,0,0,0,0,0,0,13.1637
215,3.58333,1296,0,1296,1.10542e+06,0,0,0,0,0,0,0,0,0,0,0,0,0,0,0,0,0,0,13.1637
216,3.6,1296,0,1296,1.10542e+06,0,0,0,0,0,0,0,0,0,0,0,0,0,0,0,0,0,0,13.1637
217,3.61667,1296,0,1296,1.10542e+06,0,0,0,0,0,0,0,0,0,0,0,0,0,0,0,0,0,0,13.1637
218,3.63333,1296,0,1296,1.10542e+06,0,0,0,0,0,0,0,0,0,0,0,0,0,0,0,0,0,0,13.1637
219,3.65,1296,0,1296,1.10542e+06,0,0,0,0,0,0,0,0,0,0,0,0,0,0,0,0,0,0,13.1637
220,3.66667,1296,0,1296,1.10542e+06,0,0,0,0,0,0,0,0,0,0,0,0,0,0,0,0,0,0,13.1637
221,3.68333,1296,0,1296,1.10542e+06,0,0,0,0,0,0,0,0,0,0,0,0,0,0,0,0,0,0,13.1637
222,3.7,1296,0,1296,1.10542e+06,0,0,0,0,0,0,0,0,0,0,0,0,0,0,0,0,0,0,13.1637
223,3.71667,1296,0,1296,1.10542e+06,0,0,0,0,0,0,0,0,0,0,0,0,0,0,0,0,0,0,13.1637
224,3.73333,1296,0,1296,1.10542e+06,0,0,0,0,0,0,0,0,0,0,0,0,0,0,0,0,0,0,13.1637
225,3.75,1296,0,1296,1.10542e+06,0,0,0,0,0,0,0,0,0,0,0,0,0,0,0,0,0,0,13.1637
226,3.76667,1296,0,1296,1.10542e+06,0,0,0,0,0,0,0,0,0,0,0,0,0,0,0,0,0,0,13.1637
227,3.78333,1296,0,1296,1.10542e+06,0,0,0,0,0,0,0,0,0,0,0,0,0,0,0,0,0,0,13.1637
228,3.8,1296,0,1296,1.10542e+06,0,0,0,0,0,0,0,0,0,0,0,0,0,0,0,0,0,0,13.1637
229,3.81667,1296,0,1296,1.10542e+06,0,0,0,0,0,0,0,0,0,0,0,0,0,0,0,0,0,0,13.1637
230,3.83333,1296,0,1296,1.10542e+06,0,0,0,0,0,0,0,0,0,0,0,0,0,0,0,0,0,0,13.1637
231,3.85,1296,0,1296,1.10542e+06,0,0,0,0,0,0,0,0,0,0,0,0,0,0,0,0,0,0,13.1637
232,3.86667,1296,0,1296,1.10542e+06,0,0,0,0,0,0,0,0,0,0,0,0,0,0,0,0,0,0,13.1637
233,3.88333,1296,0,1296,1.10542e+06,0,0,0,0,0,0,0,0,0,0,0,0,0,0,0,0,0,0,13.1637
234,3.9,1296,0,1296,1.10542e+06,0,0,0,0,0,0,0,0,0,0,0,0,0,0,0,0,0,0,13.1637
235,3.91667,1296,0,1296,1.10542e+06,0,0,0,0,0,0,0,0,0,0,0,0,0,0,0,0,0,0,13.1637
236,3.93333,1296,0,1296,1.10542e+06,0,0,0,0,0,0,0,0,0,0,0,0,0,0,0,0,0,0,13.1637
237,3.95,1296,0,1296,1.10542e+06,0,0,0,0,0,0,0,0,0,0,0,0,0,0,0,0,0,0,13.1637
238,3.96667,1296,0,1296,1.10542e+06,0,0,0,0,0,0,0,0,0,0,0,0,0,0,0,0,0,0,13.1637
239,3.98333,1296,0,1296,1.10542e+06,0,0,0,0,0,0,0,0,0,0,0,0,0,0,0,0,0,0,13.1637
240,4,1296,0,1296,1.10542e+06,0,0,0,0,0,0,0,0,0,0,0,0,0,0,0,0,0,0,13.1637
241,4.01667,1296,0,1296,1.10542e+06,0,0,0,0,0,0,0,0,0,0,0,0,0,0,0,0,0,0,13.1637
242,4.03333,1296,0,1296,1.10542e+06,0,0,0,0,0,0,0,0,0,0,0,0,0,0,0,0,0,0,13.1637
243,4.05,1296,0,1296,1.10542e+06,0,0,0,0,0,0,0,0,0,0,0,0,0,0,0,0,0,0,13.1637
244,4.06667,1296,0,1296,1.10542e+06,0,0,0,0,0,0,0,0,0,0,0,0,0,0,0,0,0,0,13.1637
245,4.08333,1296,0,1296,1.10542e+06,0,0,0,0,0,0,0,0,0,0,0,0,0,0,0,0,0,0,13.1637
246,4.1,1296,0,1296,1.10542e+06,0,0,0,0,0,0,0,0,0,0,0,0,0,0,0,0,0,0,13.1637
247,4.11667,1296,0,1296,1.10542e+06,0,0,0,0,0,0,0,0,0,0,0,0,0,0,0,0,0,0,13.1637
248,4.13333,1296,0,1296,1.10542e+06,0,0,0,0,0,0,0,0,0,0,0,0,0,0,0,0,0,0,13.1637
249,4.15,1296,0,1296,1.10542e+06,0,0,0,0,0,0,0,0,0,0,0,0,0,0,0,0,0,0,13.1637
250,4.16667,1296,0,1296,1.10542e+06,0,0,0,0,0,0,0,0,0,0,0,0,0,0,0,0,0,0,13.1637
251,4.18333,1296,0,1296,1.10542e+06,0,0,0,0,0,0,0,0,0,0,0,0,0,0,0,0,0,0,13.1637
252,4.2,1296,0,1296,1.10542e+06,0,0,0,0,0,0,0,0,0,0,0,0,0,0,0,0,0,0,13.1637
253,4.21667,1296,0,1296,1.10542e+06,0,0,0,0,0,0,0,0,0,0,0,0,0,0,0,0,0,0,13.1637
254,4.23333,1296,0,1296,1.10542e+06,0,0,0,0,0,0,0,0,0,0,0,0,0,0,0,0,0,0,13.1637
255,4.25,1296,0,1296,1.10542e+06,0,0,0,0,0,0,0,0,0,0,0,0,0,0,0,0,0,0,13.1637
256,4.26667,1296,0,1296,1.10542e+06,0,0,0,0,0,0,0,0,0,0,0,0,0,0,0,0,0,0,13.1637
257,4.28333,1296,0,1296,1.10542e+06,0,0,0,0,0,0,0,0,0,0,0,0,0,0,0,0,0,0,13.1637
258,4.3,1296,0,1296,1.10542e+06,0,0,0,0,0,0,0,0,0,0,0,0,0,0,0,0,0,0,13.1637
259,4.31667,1296,0,1296,1.10542e+06,0,0,0,0,0,0,0,0,0,0,0,0,0,0,0,0,0,0,13.1637
260,4.33333,1296,0,1296,1.10542e+06,0,0,0,0,0,0,0,0,0,0,0,0,0,0,0,0,0,0,13.1637
261,4.35,1296,0,1296,1.10542e+06,0,0,0,0,0,0,0,0,0,0,0,0,0,0,0,0,0,0,13.1637
262,4.36667,1296,0,1296,1.10542e+06,0,0,0,0,0,0,0,0,0,0,0,0,0,0,0,0,0,0,13.1637
263,4.38333,1296,0,1296,1.10542e+06,0,0,0,0,0,0,0,0,0,0,0,0,0,0,0,0,0,0,13.1637
264,4.4,1296,0,1296,1.10542e+06,0,0,0,0,0,0,0,0,0,0,0,0,0,0,0,0,0,0,13.1637
265,4.41667,1296,0,1296,1.10542e+06,0,0,0,0,0,0,0,0,0,0,0,0,0,0,0,0,0,0,13.1637
266,4.43333,1296,0,1296,1.10542e+06,0,0,0,0,0,0,0,0,0,0,0,0,0,0,0,0,0,0,13.1637
267,4.45,1296,0,1296,1.10542e+06,0,0,0,0,0,0,0,0,0,0,0,0,0,0,0,0,0,0,13.1637
268,4.46667,1296,0,1296,1.10542e+06,0,0,0,0,0,0,0,0,0,0,0,0,0,0,0,0,0,0,13.1637
269,4.48333,1296,0,1296,1.10542e+06,0,0,0,0,0,0,0,0,0,0,0,0,0,0,0,0,0,0,13.1637
270,4.5,1296,0,1296,1.10542e+06,0,0,0,0,0,0,0,0,0,0,0,0,0,0,0,0,0,0,13.1637
271,4.51667,1296,0,1296,1.10542e+06,0,0,0,0,0,0,0,0,0,0,0,0,0,0,0,0,0,0,13.1637
272,4.53333,1296,0,1296,1.10542e+06,0,0,0,0,0,0,0,0,0,0,0,0,0,0,0,0,0,0,13.1637
273,4.55,1296,0,1296,1.10542e+06,0,0,0,0,0,0,0,0,0,0,0,0,0,0,0,0,0,0,13.1637
274,4.56667,1296,0,1296,1.10542e+06,0,0,0,0,0,0,0,0,0,0,0,0,0,0,0,0,0,0,13.1637
275,4.58333,1296,0,1296,1.10542e+06,0,0,0,0,0,0,0,0,0,0,0,0,0,0,0,0,0,0,13.1637
276,4.6,1296,0,1296,1.10542e+06,0,0,0,0,0,0,0,0,0,0,0,0,0,0,0,0,0,0,13.1637
277,4.61667,1296,0,1296,1.10542e+06,0,0,0,0,0,0,0,0,0,0,0,0,0,0,0,0,0,0,13.1637
278,4.63333,1296,0,1296,1.10542e+06,0,0,0,0,0,0,0,0,0,0,0,0,0,0,0,0,0,0,13.1637
279,4.65,1296,0,1296,1.10542e+06,0,0,0,0,0,0,0,0,0,0,0,0,0,0,0,0,0,0,13.1637
280,4.66667,1296,0,1296,1.10542e+06,0,0,0,0,0,0,0,0,0,0,0,0,0,0,0,0,0,0,13.1637
281,4.68333,1296,0,1296,1.10542e+06,0,0,0,0,0,0,0,0,0,0,0,0,0,0,0,0,0,0,13.1637
282,4.7,1296,0,1296,1.10542e+06,0,0,0,0,0,0,0,0,0,0,0,0,0,0,0,0,0,0,13.1637
283,4.71667,1296,0,1296,1.10542e+06,0,0,0,0,0,0,0,0,0,0,0,0,0,0,0,0,0,0,13.1637
284,4.73333,1296,0,1296,1.10542e+06,0,0,0,0,0,0,0,0,0,0,0,0,0,0,0,0,0,0,13.1637
285,4.75,1296,0,1296,1.10542e+06,0,0,0,0,0,0,0,0,0,0,0,0,0,0,0,0,0,0,13.1637
286,4.76667,1296,0,1296,1.10542e+06,0,0,0,0,0,0,0,0,0,0,0,0,0,0,0,0,0,0,13.1637
287,4.78333,1296,0,1296,1.10542e+06,0,0,0,0,0,0,0,0,0,0,0,0,0,0,0,0,0,0,13.1637
288,4.8,1296,0,1296,1.10542e+06,0,0,0,0,0,0,0,0,0,0,0,0,0,0,0,0,0,0,13.1637
289,4.81667,1296,0,1296,1.10542e+06,0,0,0,0,0,0,0,0,0,0,0,0,0,0,0,0,0,0,13.1637
290,4.83333,1296,0,1296,1.10542e+06,0,0,0,0,0,0,0,0,0,0,0,0,0,0,0,0,0,0,13.1637
291,4.85,1296,0,1296,1.10542e+06,0,0,0,0,0,0,0,0,0,0,0,0,0,0,0,0,0,0,13.1637
292,4.86667,1296,0,1296,1.10542e+06,0,0,0,0,0,0,0,0,0,0,0,0,0,0,0,0,0,0,13.1637
293,4.88333,1296,0,1296,1.10542e+06,0,0,0,0,0,0,0,0,0,0,0,0,0,0,0,0,0,0,13.1637
294,4.9,1296,0,1296,1.10542e+06,0,0,0,0,0,0,0,0,0,0,0,0,0,0,0,0,0,0,13.1637
295,4.91667,1296,0,1296,1.10542e+06,0,0,0,0,0,0,0,0,0,0,0,0,0,0,0,0,0,0,13.1637
296,4.93333,1296,0,1296,1.10542e+06,0,0,0,0,0,0,0,0,0,0,0,0,0,0,0,0,0,0,13.1637
297,4.95,1296,0,1296,1.10542e+06,0,0,0,0,0,0,0,0,0,0,0,0,0,0,0,0,0,0,13.1637
298,4.96667,1296,0,1296,1.10542e+06,0,0,0,0,0,0,0,0,0,0,0,0,0,0,0,0,0,0,13.1637
299,4.98333,1296,0,1296,1.10542e+06,0,0,0,0,0,0,0,0,0,0,0,0,0,0,0,0,0,0,13.1637
300,5,1296,0,1296,1.10542e+06,0,0,0,0,0,0,0,0,0,0,0,0,0,0,0,0,0,0,13.1637
301,5.01667,1296,0,1296,1.10542e+06,0,0,0,0,0,0,0,0,0,0,0,0,0,0,0,0,0,0,13.1637
302,5.03333,1296,0,1296,1.10542e+06,0,0,0,0,0,0,0,0,0,0,0,0,0,0,0,0,0,0,13.1637
303,5.05,1296,0,1296,1.10542e+06,0,0,0,0,0,0,0,0,0,0,0,0,0,0,0,0,0,0,13.1637
304,5.06667,1296,0,1296,1.10542e+06,0,0,0,0,0,0,0,0,0,0,0,0,0,0,0,0,0,0,13.1637
305,5.08333,1296,0,1296,1.10542e+06,0,0,0,0,0,0,0,0,0,0,0,0,0,0,0,0,0,0,13.1637
306,5.1,1296,0,1296,1.10542e+06,0,0,0,0,0,0,0,0,0,0,0,0,0,0,0,0,0,0,13.1637
307,5.11667,1296,0,1296,1.10542e+06,0,0,0,0,0,0,0,0,0,0,0,0,0,0,0,0,0,0,13.1637
308,5.13333,1296,0,1296,1.10542e+06,0,0,0,0,0,0,0,0,0,0,0,0,0,0,0,0,0,0,13.1637
309,5.15,1296,0,1296,1.10542e+06,0,0,0,0,0,0,0,0,0,0,0,0,0,0,0,0,0,0,13.1637
310,5.16667,1296,0,1296,1.10542e+06,0,0,0,0,0,0,0,0,0,0,0,0,0,0,0,0,0,0,13.1637
311,5.18333,1296,0,1296,1.10542e+06,0,0,0,0,0,0,0,0,0,0,0,0,0,0,0,0,0,0,13.1637
312,5.2,1296,0,1296,1.10542e+06,0,0,0,0,0,0,0,0,0,0,0,0,0,0,0,0,0,0,13.1637
313,5.21667,1296,0,1296,1.10542e+06,0,0,0,0,0,0,0,0,0,0,0,0,0,0,0,0,0,0,13.1637
314,5.23333,1296,0,1296,1.10542e+06,0,0,0,0,0,0,0,0,0,0,0,0,0,0,0,0,0,0,13.1637
315,5.25,1296,0,1296,1.10542e+06,0,0,0,0,0,0,0,0,0,0,0,0,0,0,0,0,0,0,13.1637
316,5.26667,1296,0,1296,1.10542e+06,0,0,0,0,0,0,0,0,0,0,0,0,0,0,0,0,0,0,13.1637
317,5.28333,1296,0,1296,1.10542e+06,0,0,0,0,0,0,0,0,0,0,0,0,0,0,0,0,0,0,13.1637
318,5.3,1296,0,1296,1.10542e+06,0,0,0,0,0,0,0,0,0,0,0,0,0,0,0,0,0,0,13.1637
319,5.31667,1296,0,1296,1.10542e+06,0,0,0,0,0,0,0,0,0,0,0,0,0,0,0,0,0,0,13.1637
320,5.33333,1296,0,1296,1.10542e+06,0,0,0,0,0,0,0,0,0,0,0,0,0,0,0,0,0,0,13.1637
321,5.35,1296,0,1296,1.10542e+06,0,0,0,0,0,0,0,0,0,0,0,0,0,0,0,0,0,0,13.1637
322,5.36667,1296,0,1296,1.10542e+06,0,0,0,0,0,0,0,0,0,0,0,0,0,0,0,0,0,0,13.1637
323,5.38333,1296,0,1296,1.10542e+06,0,0,0,0,0,0,0,0,0,0,0,0,0,0,0,0,0,0,13.1637
324,5.4,1296,0,1296,1.10542e+06,0,0,0,0,0,0,0,0,0,0,0,0,0,0,0,0,0,0,13.1637
325,5.41667,1296,0,1296,1.10542e+06,0,0,0,0,0,0,0,0,0,0,0,0,0,0,0,0,0,0,13.1637
326,5.43333,1296,0,1296,1.10542e+06,0,0,0,0,0,0,0,0,0,0,0,0,0,0,0,0,0,0,13.1637
327,5.45,1296,0,1296,1.10542e+06,0,0,0,0,0,0,0,0,0,0,0,0,0,0,0,0,0,0,13.1637
328,5.46667,1296,0,1296,1.10542e+06,0,0,0,0,0,0,0,0,0,0,0,0,0,0,0,0,0,0,13.1637
329,5.48333,1296,0,1296,1.10542e+06,0,0,0,0,0,0,0,0,0,0,0,0,0,0,0,0,0,0,13.1637
330,5.5,1296,0,1296,1.10542e+06,0,0,0,0,0,0,0,0,0,0,0,0,0,0,0,0,0,0,13.1637
331,5.51667,1296,0,1296,1.10542e+06,0,0,0,0,0,0,0,0,0,0,0,0,0,0,0,0,0,0,13.1637
332,5.53333,1296,0,1296,1.10542e+06,0,0,0,0,0,0,0,0,0,0,0,0,0,0,0,0,0,0,13.1637
333,5.55,1296,0,1296,1.10542e+06,0,0,0,0,0,0,0,0,0,0,0,0,0,0,0,0,0,0,13.1637
334,5.56667,1296,0,1296,1.10542e+06,0,0,0,0,0,0,0,0,0,0,0,0,0,0,0,0,0,0,13.1637
335,5.58333,1296,0,1296,1.10542e+06,0,0,0,0,0,0,0,0,0,0,0,0,0,0,0,0,0,0,13.1637
336,5.6,1296,0,1296,1.10542e+06,0,0,0,0,0,0,0,0,0,0,0,0,0,0,0,0,0,0,13.1637
337,5.61667,1296,0,1296,1.10542e+06,0,0,0,0,0,0,0,0,0,0,0,0,0,0,0,0,0,0,13.1637
338,5.63333,1296,0,1296,1.10542e+06,0,0,0,0,0,0,0,0,0,0,0,0,0,0,0,0,0,0,13.1637
339,5.65,1296,0,1296,1.10542e+06,0,0,0,0,0,0,0,0,0,0,0,0,0,0,0,0,0,0,13.1637
340,5.66667,1296,0,1296,1.10542e+06,0,0,0,0,0,0,0,0,0,0,0,0,0,0,0,0,0,0,13.1637
341,5.68333,1296,0,1296,1.10542e+06,0,0,0,0,0,0,0,0,0,0,0,0,0,0,0,0,0,0,13.1637
342,5.7,1296,0,1296,1.10542e+06,0,0,0,0,0,0,0,0,0,0,0,0,0,0,0,0,0,0,13.1637
343,5.71667,1296,0,1296,1.10542e+06,0,0,0,0,0,0,0,0,0,0,0,0,0,0,0,0,0,0,13.1637
344,5.73333,1296,0,1296,1.10542e+06,0,0,0,0,0,0,0,0,0,0,0,0,0,0,0,0,0,0,13.1637
345,5.75,1296,0,1296,1.10542e+06,0,0,0,0,0,0,0,0,0,0,0,0,0,0,0,0,0,0,13.1637
346,5.76667,1296,0,1296,1.10542e+06,0,0,0,0,0,0,0,0,0,0,0,0,0,0,0,0,0,0,13.1637
347,5.78333,1296,0,1296,1.10542e+06,0,0,0,0,0,0,0,0,0,0,0,0,0,0,0,0,0,0,13.1637
348,5.8,1296,0,1296,1.10542e+06,0,0,0,0,0,0,0,0,0,0,0,0,0,0,0,0,0,0,13.1637
349,5.81667,1296,0,1296,1.10542e+06,0,0,0,0,0,0,0,0,0,0,0,0,0,0,0,0,0,0,13.1637
350,5.83333,1296,0,1296,1.10542e+06,0,0,0,0,0,0,0,0,0,0,0,0,0,0,0,0,0,0,13.1637
351,5.85,1296,0,1296,1.10542e+06,0,0,0,0,0,0,0,0,0,0,0,0,0,0,0,0,0,0,13.1637
352,5.86667,1296,0,1296,1.10542e+06,0,0,0,0,0,0,0,0,0,0,0,0,0,0,0,0,0,0,13.1637
353,5.88333,1296,0,1296,1.10542e+06,0,0,0,0,0,0,0,0,0,0,0,0,0,0,0,0,0,0,13.1637
354,5.9,1296,0,1296,1.10542e+06,0,0,0,0,0,0,0,0,0,0,0,0,0,0,0,0,0,0,13.1637
355,5.91667,1296,0,1296,1.10542e+06,0,0,0,0,0,0,0,0,0,0,0,0,0,0,0,0,0,0,13.1637
356,5.93333,1296,0,1296,1.10542e+06,0,0,0,0,0,0,0,0,0,0,0,0,0,0,0,0,0,0,13.1637
357,5.95,1296,0,1296,1.10542e+06,0,0,0,0,0,0,0,0,0,0,0,0,0,0,0,0,0,0,13.1637
358,5.96667,1296,0,1296,1.10542e+06,0,0,0,0,0,0,0,0,0,0,0,0,0,0,0,0,0,0,13.1637
359,5.98333,1296,0,1296,1.10542e+06,0,0,0,0,0,0,0,0,0,0,0,0,0,0,0,0,0,0,13.1637
360,6,1296,0,1296,1.10542e+06,0,0,0,0,0,0,0,0,0,0,0,0,0,0,0,0,0,0,13.1637
361,6.01667,1296,0,1296,1.10542e+06,0,0,0,0,0,0,0,0,0,0,0,0,0,0,0,0,0,0,13.1637
362,6.03333,1296,0,1296,1.10542e+06,0,0,0,0,0,0,0,0,0,0,0,0,0,0,0,0,0,0,13.1637
363,6.05,1296,0,1296,1.10542e+06,0,0,0,0,0,0,0,0,0,0,0,0,0,0,0,0,0,0,13.1637
364,6.06667,1296,0,1296,1.10542e+06,0,0,0,0,0,0,0,0,0,0,0,0,0,0,0,0,0,0,13.1637
365,6.08333,1296,0,1296,1.10542e+06,0,0,0,0,0,0,0,0,0,0,0,0,0,0,0,0,0,0,13.1637
366,6.1,1296,0,1296,1.10542e+06,0,0,0,0,0,0,0,0,0,0,0,0,0,0,0,0,0,0,13.1637
367,6.11667,1296,0,1296,1.10542e+06,0,0,0,0,0,0,0,0,0,0,0,0,0,0,0,0,0,0,13.1637
368,6.13333,1296,0,1296,1.10542e+06,0,0,0,0,0,0,0,0,0,0,0,0,0,0,0,0,0,0,13.1637
369,6.15,1296,0,1296,1.10542e+06,0,0,0,0,0,0,0,0,0,0,0,0,0,0,0,0,0,0,13.1637
370,6.16667,1296,0,1296,1.10542e+06,0,0,0,0,0,0,0,0,0,0,0,0,0,0,0,0,0,0,13.1637
371,6.18333,1296,0,1296,1.10542e+06,0,0,0,0,0,0,0,0,0,0,0,0,0,0,0,0,0,0,13.1637
372,6.2,1296,0,1296,1.10542e+06,0,0,0,0,0,0,0,0,0,0,0,0,0,0,0,0,0,0,13.1637
373,6.21667,1296,0,1296,1.10542e+06,0,0,0,0,0,0,0,0,0,0,0,0,0,0,0,0,0,0,13.1637
374,6.23333,1296,0,1296,1.10542e+06,0,0,0,0,0,0,0,0,0,0,0,0,0,0,0,0,0,0,13.1637
375,6.25,1296,0,1296,1.10542e+06,0,0,0,0,0,0,0,0,0,0,0,0,0,0,0,0,0,0,13.1637
376,6.26667,1296,0,1296,1.10542e+06,0,0,0,0,0,0,0,0,0,0,0,0,0,0,0,0,0,0,13.1637
377,6.28333,1296,0,1296,1.10542e+06,0,0,0,0,0,0,0,0,0,0,0,0,0,0,0,0,0,0,13.1637
378,6.3,1296,0,1296,1.10542e+06,0,0,0,0,0,0,0,0,0,0,0,0,0,0,0,0,0,0,13.1637
379,6.31667,1296,0,1296,1.10542e+06,0,0,0,0,0,0,0,0,0,0,0,0,0,0,0,0,0,0,13.1637
380,6.33333,1296,0,1296,1.10542e+06,0,0,0,0,0,0,0,0,0,0,0,0,0,0,0,0,0,0,13.1637
381,6.35,1296,0,1296,1.10542e+06,0,0,0,0,0,0,0,0,0,0,0,0,0,0,0,0,0,0,13.1637
382,6.36667,1296,0,1296,1.10542e+06,0,0,0,0,0,0,0,0,0,0,0,0,0,0,0,0,0,0,13.1637
383,6.38333,1296,0,1296,1.10542e+06,0,0,0,0,0,0,0,0,0,0,0,0,0,0,0,0,0,0,13.1637
384,6.4,1296,0,1296,1.10542e+06,0,0,0,0,0,0,0,0,0,0,0,0,0,0,0,0,0,0,13.1637
385,6.41667,1296,0,1296,1.10542e+06,0,0,0,0,0,0,0,0,0,0,0,0,0,0,0,0,0,0,13.1637
386,6.43333,1296,0,1296,1.10542e+06,0,0,0,0,0,0,0,0,0,0,0,0,0,0,0,0,0,0,13.1637
387,6.45,1296,0,1296,1.10542e+06,0,0,0,0,0,0,0,0,0,0,0,0,0,0,0,0,0,0,13.1637
388,6.46667,1296,0,1296,1.10542e+06,0,0,0,0,0,0,0,0,0,0,0,0,0,0,0,0,0,0,13.1637
389,6.48333,1296,0,1296,1.10542e+06,0,0,0,0,0,0,0,0,0,0,0,0,0,0,0,0,0,0,13.1637
390,6.5,1296,0,1296,1.10542e+06,0,0,0,0,0,0,0,0,0,0,0,0,0,0,0,0,0,0,13.1637
391,6.51667,1296,0,1296,1.10542e+06,0,0,0,0,0,0,0,0,0,0,0,0,0,0,0,0,0,0,13.1637
392,6.53333,1296,0,1296,1.10542e+06,0,0,0,0,0,0,0,0,0,0,0,0,0,0,0,0,0,0,13.1637
393,6.55,1296,0,1296,1.10542e+06,0,0,0,0,0,0,0,0,0,0,0,0,0,0,0,0,0,0,13.1637
394,6.56667,1296,0,1296,1.10542e+06,0,0,0,0,0,0,0,0,0,0,0,0,0,0,0,0,0,0,13.1637
395,6.58333,1296,0,1296,1.10542e+06,0,0,0,0,0,0,0,0,0,0,0,0,0,0,0,0,0,0,13.1637
396,6.6,1296,0,1296,1.10542e+06,0,0,0,0,0,0,0,0,0,0,0,0,0,0,0,0,0,0,13.1637
397,6.61667,1296,0,1296,1.10542e+06,0,0,0,0,0,0,0,0,0,0,0,0,0,0,0,0,0,0,13.1637
398,6.63333,1296,0,1296,1.10542e+06,0,0,0,0,0,0,0,0,0,0,0,0,0,0,0,0,0,0,13.1637
399,6.65,1296,0,1296,1.10542e+06,0,0,0,0,0,0,0,0,0,0,0,0,0,0,0,0,0,0,13.1637
400,6.66667,1296,0,1296,1.10542e+06,0,0,0,0,0,0,0,0,0,0,0,0,0,0,0,0,0,0,13.1637
401,6.68333,1296,0,1296,1.10542e+06,0,0,0,0,0,0,0,0,0,0,0,0,0,0,0,0,0,0,13.1637
402,6.7,1296,0,1296,1.10542e+06,0,0,0,0,0,0,0,0,0,0,0,0,0,0,0,0,0,0,13.1637
403,6.71667,1296,0,1296,1.10542e+06,0,0,0,0,0,0,0,0,0,0,0,0,0,0,0,0,0,0,13.1637
404,6.73333,1296,0,1296,1.10542e+06,0,0,0,0,0,0,0,0,0,0,0,0,0,0,0,0,0,0,13.1637
405,6.75,1296,0,1296,1.10542e+06,0,0,0,0,0,0,0,0,0,0,0,0,0,0,0,0,0,0,13.1637
406,6.76667,1296,0,1296,1.10542e+06,0,0,0,0,0,0,0,0,0,0,0,0,0,0,0,0,0,0,13.1637
407,6.78333,1296,0,1296,1.10542e+06,0,0,0,0,0,0,0,0,0,0,0,0,0,0,0,0,0,0,13.1637
408,6.8,1296,0,1296,1.10542e+06,0,0,0,0,0,0,0,0,0,0,0,0,0,0,0,0,0,0,13.1637
409,6.81667,1296,0,1296,1.10542e+06,0,0,0,0,0,0,0,0,0,0,0,0,0,0,0,0,0,0,13.1637
410,6.83333,1296,0,1296,1.10542e+06,0,0,0,0,0,0,0,0,0,0,0,0,0,0,0,0,0,0,13.1637
411,6.85,1296,0,1296,1.10542e+06,0,0,0,0,0,0,0,0,0,0,0,0,0,0,0,0,0,0,13.1637
412,6.86667,1296,0,1296,1.10542e+06,0,0,0,0,0,0,0,0,0,0,0,0,0,0,0,0,0,0,13.1637
413,6.88333,1296,0,1296,1.10542e+06,0,0,0,0,0,0,0,0,0,0,0,0,0,0,0,0,0,0,13.1637
414,6.9,1296,0,1296,1.10542e+06,0,0,0,0,0,0,0,0,0,0,0,0,0,0,0,0,0,0,13.1637
415,6.91667,1296,0,1296,1.10542e+06,0,0,0,0,0,0,0,0,0,0,0,0,0,0,0,0,0,0,13.1637
416,6.93333,1296,0,1296,1.10542e+06,0,0,0,0,0,0,0,0,0,0,0,0,0,0,0,0,0,0,13.1637
417,6.95,1296,0,1296,1.10542e+06,0,0,0,0,0,0,0,0,0,0,0,0,0,0,0,0,0,0,13.1637
418,6.96667,1296,0,1296,1.10542e+06,0,0,0,0,0,0,0,0,0,0,0,0,0,0,0,0,0,0,13.1637
419,6.98333,1296,0,1296,1.10542e+06,0,0,0,0,0,0,0,0,0,0,0,0,0,0,0,0,0,0,13.1637
420,7,1296,0,1296,1.10542e+06,0,0,0,0,0,0,0,0,0,0,0,0,0,0,0,0,0,0,13.1637
421,7.01667,1296,0,1296,1.10542e+06,0,0,0,0,0,0,0,0,0,0,0,0,0,0,0,0,0,0,13.1637
422,7.03333,1296,0,1296,1.10542e+06,0,0,0,0,0,0,0,0,0,0,0,0,0,0,0,0,0,0,13.1637
423,7.05,1296,0,1296,1.10542e+06,0,0,0,0,0,0,0,0,0,0,0,0,0,0,0,0,0,0,13.1637
424,7.06667,1296,0,1296,1.10542e+06,0,0,0,0,0,0,0,0,0,0,0,0,0,0,0,0,0,0,13.1637
425,7.08333,1296,0,1296,1.10542e+06,0,0,0,0,0,0,0,0,0,0,0,0,0,0,0,0,0,0,13.1637
426,7.1,1296,0,1296,1.10542e+06,0,0,0,0,0,0,0,0,0,0,0,0,0,0,0,0,0,0,13.1637
427,7.11667,1296,0,1296,1.10542e+06,0,0,0,0,0,0,0,0,0,0,0,0,0,0,0,0,0,0,13.1637
428,7.13333,1296,0,1296,1.10542e+06,0,0,0,0,0,0,0,0,0,0,0,0,0,0,0,0,0,0,13.1637
429,7.15,1296,0,1296,1.10542e+06,0,0,0,0,0,0,0,0,0,0,0,0,0,0,0,0,0,0,13.1637
430,7.16667,1296,0,1296,1.10542e+06,0,0,0,0,0,0,0,0,0,0,0,0,0,0,0,0,0,0,13.1637
431,7.18333,1296,0,1296,1.10542e+06,0,0,0,0,0,0,0,0,0,0,0,0,0,0,0,0,0,0,13.1637
432,7.2,1296,0,1296,1.10542e+06,0,0,0,0,0,0,0,0,0,0,0,0,0,0,0,0,0,0,13.1637
433,7.21667,1296,0,1296,1.10542e+06,0,0,0,0,0,0,0,0,0,0,0,0,0,0,0,0,0,0,13.1637
434,7.23333,1296,0,1296,1.10542e+06,0,0,0,0,0,0,0,0,0,0,0,0,0,0,0,0,0,0,13.1637
435,7.25,1296,0,1296,1.10542e+06,0,0,0,0,0,0,0,0,0,0,0,0,0,0,0,0,0,0,13.1637
436,7.26667,1296,0,1296,1.10542e+06,0,0,0,0,0,0,0,0,0,0,0,0,0,0,0,0,0,0,13.1637
437,7.28333,1296,0,1296,1.10542e+06,0,0,0,0,0,0,0,0,0,0,0,0,0,0,0,0,0,0,13.1637
438,7.3,1296,0,1296,1.10542e+06,0,0,0,0,0,0,0,0,0,0,0,0,0,0,0,0,0,0,13.1637
439,7.31667,1296,0,1296,1.10542e+06,0,0,0,0,0,0,0,0,0,0,0,0,0,0,0,0,0,0,13.1637
440,7.33333,1296,0,1296,1.10542e+06,0,0,0,0,0,0,0,0,0,0,0,0,0,0,0,0,0,0,13.1637
441,7.35,1296,0,1296,1.10542e+06,0,0,0,0,0,0,0,0,0,0,0,0,0,0,0,0,0,0,13.1637
442,7.36667,1296,0,1296,1.10542e+06,0,0,0,0,0,0,0,0,0,0,0,0,0,0,0,0,0,0,13.1637
443,7.38333,1296,0,1296,1.10542e+06,0,0,0,0,0,0,0,0,0,0,0,0,0,0,0,0,0,0,13.1637
444,7.4,1296,0,1296,1.10542e+06,0,0,0,0,0,0,0,0,0,0,0,0,0,0,0,0,0,0,13.1637
445,7.41667,1296,0,1296,1.10542e+06,0,0,0,0,0,0,0,0,0,0,0,0,0,0,0,0,0,0,13.1637
446,7.43333,1296,0,1296,1.10542e+06,0,0,0,0,0,0,0,0,0,0,0,0,0,0,0,0,0,0,13.1637
447,7.45,1296,0,1296,1.10542e+06,0,0,0,0,0,0,0,0,0,0,0,0,0,0,0,0,0,0,13.1637
448,7.46667,1296,0,1296,1.10542e+06,0,0,0,0,0,0,0,0,0,0,0,0,0,0,0,0,0,0,13.1637
449,7.48333,1296,0,1296,1.10542e+06,0,0,0,0,0,0,0,0,0,0,0,0,0,0,0,0,0,0,13.1637
450,7.5,1296,0,1296,1.10542e+06,0,0,0,0,0,0,0,0,0,0,0,0,0,0,0,0,0,0,13.1637
451,7.51667,1296,0,1296,1.10542e+06,0,0,0,0,0,0,0,0,0,0,0,0,0,0,0,0,0,0,13.1637
452,7.53333,1296,0,1296,1.10542e+06,0,0,0,0,0,0,0,0,0,0,0,0,0,0,0,0,0,0,13.1637
453,7.55,1296,0,1296,1.10542e+06,0,0,0,0,0,0,0,0,0,0,0,0,0,0,0,0,0,0,13.1637
454,7.56667,1296,0,1296,1.10542e+06,0,0,0,0,0,0,0,0,0,0,0,0,0,0,0,0,0,0,13.1637
455,7.58333,1296,0,1296,1.10542e+06,0,0,0,0,0,0,0,0,0,0,0,0,0,0,0,0,0,0,13.1637
456,7.6,1296,0,1296,1.10542e+06,0,0,0,0,0,0,0,0,0,0,0,0,0,0,0,0,0,0,13.1637
457,7.61667,1296,0,1296,1.10542e+06,0,0,0,0,0,0,0,0,0,0,0,0,0,0,0,0,0,0,13.1637
458,7.63333,1296,0,1296,1.10542e+06,0,0,0,0,0,0,0,0,0,0,0,0,0,0,0,0,0,0,13.1637
459,7.65,1296,0,1296,1.10542e+06,0,0,0,0,0,0,0,0,0,0,0,0,0,0,0,0,0,0,13.1637
460,7.66667,1296,0,1296,1.10542e+06,0,0,0,0,0,0,0,0,0,0,0,0,0,0,0,0,0,0,13.1637
461,7.68333,1296,0,1296,1.10542e+06,0,0,0,0,0,0,0,0,0,0,0,0,0,0,0,0,0,0,13.1637
462,7.7,1296,0,1296,1.10542e+06,0,0,0,0,0,0,0,0,0,0,0,0,0,0,0,0,0,0,13.1637
463,7.71667,1296,0,1296,1.10542e+06,0,0,0,0,0,0,0,0,0,0,0,0,0,0,0,0,0,0,13.1637
464,7.73333,1296,0,1296,1.10542e+06,0,0,0,0,0,0,0,0,0,0,0,0,0,0,0,0,0,0,13.1637
465,7.75,1296,0,1296,1.10542e+06,0,0,0,0,0,0,0,0,0,0,0,0,0,0,0,0,0,0,13.1637
466,7.76667,1296,0,1296,1.10542e+06,0,0,0,0,0,0,0,0,0,0,0,0,0,0,0,0,0,0,13.1637
467,7.78333,1296,0,1296,1.10542e+06,0,0,0,0,0,0,0,0,0,0,0,0,0,0,0,0,0,0,13.1637
468,7.8,1296,0,1296,1.10542e+06,0,0,0,0,0,0,0,0,0,0,0,0,0,0,0,0,0,0,13.1637
469,7.81667,1296,0,1296,1.10542e+06,0,0,0,0,0,0,0,0,0,0,0,0,0,0,0,0,0,0,13.1637
470,7.83333,1296,0,1296,1.10542e+06,0,0,0,0,0,0,0,0,0,0,0,0,0,0,0,0,0,0,13.1637
471,7.85,1296,0,1296,1.10542e+06,0,0,0,0,0,0,0,0,0,0,0,0,0,0,0,0,0,0,13.1637
472,7.86667,1296,0,1296,1.10542e+06,0,0,0,0,0,0,0,0,0,0,0,0,0,0,0,0,0,0,13.1637
473,7.88333,1296,0,1296,1.10542e+06,0,0,0,0,0,0,0,0,0,0,0,0,0,0,0,0,0,0,13.1637
474,7.9,1296,0,1296,1.10542e+06,0,0,0,0,0,0,0,0,0,0,0,0,0,0,0,0,0,0,13.1637
475,7.91667,1296,0,1296,1.10542e+06,0,0,0,0,0,0,0,0,0,0,0,0,0,0,0,0,0,0,13.1637
476,7.93333,1296,0,1296,1.10542e+06,0,0,0,0,0,0,0,0,0,0,0,0,0,0,0,0,0,0,13.1637
477,7.95,1296,0,1296,1.10542e+06,0,0,0,0,0,0,0,0,0,0,0,0,0,0,0,0,0,0,13.1637
478,7.96667,1296,0,1296,1.10542e+06,0,0,0,0,0,0,0,0,0,0,0,0,0,0,0,0,0,0,13.1637
479,7.98333,1296,0,1296,1.10542e+06,0,0,0,0,0,0,0,0,0,0,0,0,0,0,0,0,0,0,13.1637
