tick,t,active,awake,asleep,energy,kinetic,injected,cum_injected,max_speed,p95_speed,churning,rebounds,kicks,launches,slept_clean,slept_forced,woke,color_skipped,constraints,hardcontact,hardcontact_max_depth,wake_requests,frozen_unknown,below_floor,min_y,kinematic_contacts,kinematic_depth
0,0,150,150,0,196817,396.04,0,0,0.162506,0.162506,150,0,0,0,0,0,0,0,0,0,0,0,0,0,19.4973,0,0
1,0.0166667,150,150,0,196727,351.5,0,0,0.776724,0.465087,149,0,0,0,0,0,0,0,133,0,0,0,0,0,19.4856,0,0
2,0.0333333,150,150,0,196579,271.007,0,0,1.16974,0.811431,147,0,0,0,0,0,0,0,307,0,0,0,0,0,19.4691,0,0
3,0.05,150,150,0,196510,289.382,0,0,1.214,0.987773,150,0,0,0,0,0,0,0,339,0,0,0,0,0,19.45,0,0
4,0.0666667,150,150,0,196458,345.944,0,0,1.28596,1.11058,150,0,0,0,0,0,0,0,379,0,0,0,0,0,19.4292,0,0
5,0.0833333,150,150,0,196421,438.013,0,0,1.435,1.23027,150,0,0,0,0,0,0,0,391,0,0,0,0,0,19.4059,0,0
6,0.1,150,150,0,196388,556.804,0,0,1.57326,1.37154,150,0,0,0,0,0,0,0,404,0,0,0,0,0,19.3805,0,0
7,0.116667,150,150,0,196356,698.933,0,0,1.72305,1.51696,150,0,0,0,0,0,0,0,407,0,0,0,0,0,19.3536,0,0
8,0.133333,150,150,0,196326,865.746,0,0,1.84757,1.63414,150,0,0,0,0,0,0,0,416,0,0,0,0,0,19.3252,0,0
9,0.15,150,150,0,196298,1057.7,0,0,1.89745,1.79199,150,0,0,0,0,0,0,0,420,0,0,0,0,0,19.2945,0,0
10,0.166667,150,150,0,196268,1269.44,0,0,2.04851,1.93043,150,0,0,0,0,0,0,0,424,0,0,0,0,0,19.2612,0,0
11,0.183333,150,150,0,196235,1500.37,0,0,2.19176,2.07961,150,0,0,0,0,0,0,0,423,0,0,0,0,0,19.2256,0,0
12,0.2,150,150,0,196202,1754.18,0,0,2.34078,2.23751,150,0,0,0,0,0,0,0,415,0,0,0,0,0,19.1877,0,0
13,0.216667,150,150,0,196166,2027.21,0,0,2.50053,2.38704,150,0,0,0,0,0,0,0,418,0,0,0,0,0,19.1475,0,0
14,0.233333,150,150,0,196128,2319.65,0,0,2.652,2.53465,150,0,0,0,0,0,0,0,419,0,0,0,0,0,19.105,0,0
15,0.25,150,150,0,196085,2629.88,0,0,2.79873,2.6818,150,0,0,0,0,0,0,0,408,0,0,0,0,0,19.06,0,0
16,0.266667,150,150,0,196039,2958.49,0,0,2.94443,2.82816,150,0,0,0,0,0,0,0,396,0,0,0,0,0,19.0126,0,0
17,0.283333,150,150,0,195988,3304.62,0,0,3.08923,2.97362,150,0,0,0,0,0,0,0,395,0,0,0,0,0,18.9628,0,0
18,0.3,150,150,0,195934,3667.85,0,0,3.22502,3.11767,150,0,0,0,0,0,0,0,386,0,0,0,0,0,18.9105,0,0
19,0.316667,150,150,0,195875,4048.94,0,0,3.35339,3.26194,150,0,0,0,0,0,0,0,371,0,0,0,0,0,18.8559,0,0
20,0.333333,150,150,0,195812,4446.04,0,0,3.49549,3.4048,150,0,0,0,0,0,0,0,361,0,0,0,0,0,18.7989,0,0
21,0.35,150,150,0,195744,4859.44,0,0,3.63701,3.54686,150,0,0,0,0,0,0,0,376,0,0,0,0,0,18.7395,0,0
22,0.366667,150,150,0,195670,5289.02,0,0,3.77774,3.68801,150,0,0,0,0,0,0,0,372,0,0,0,0,0,18.6778,0,0
23,0.383333,150,150,0,195593,5735.41,0,0,3.91756,3.82837,150,0,0,0,0,0,0,0,351,0,0,0,0,0,18.6137,0,0
24,0.4,150,150,0,195509,6196.5,0,0,4.05658,3.96793,150,0,0,0,0,0,0,0,367,0,0,0,0,0,18.5473,0,0
25,0.416667,150,150,0,195420,6671.93,0,0,4.1948,4.09481,150,0,0,0,0,0,0,0,352,0,0,0,0,0,18.4786,0,0
26,0.433333,150,150,0,195324,7162,0,0,4.33639,4.22973,150,0,0,0,0,0,0,0,354,0,0,0,0,0,18.4076,0,0
27,0.45,150,150,0,195223,7667.51,0,0,4.47168,4.36952,150,0,0,0,0,0,0,0,371,0,0,0,0,0,18.3342,0,0
28,0.466667,150,150,0,195116,8186.81,0,0,4.60725,4.50662,150,0,0,0,0,0,0,0,386,0,0,0,0,0,18.2579,0,0
29,0.483333,150,150,0,195002,8719.72,0,0,4.74213,4.64177,150,0,0,0,0,0,0,0,389,0,0,0,0,0,18.1788,0,0
30,0.5,150,150,0,194882,9265.72,0,0,4.8762,4.77646,150,0,0,0,0,0,0,0,393,0,0,0,0,0,18.0976,0,0
31,0.516667,150,150,0,194754,9825.07,0,0,5.00609,4.91036,150,0,0,0,0,0,0,0,394,0,0,0,0,0,18.0142,0,0
32,0.533333,150,150,0,194620,10397.1,0,0,5.13853,5.04345,150,0,0,0,0,0,0,0,398,0,0,0,0,0,17.9288,0,0
33,0.55,150,150,0,194479,10982.3,0,0,5.27017,5.17574,150,0,0,0,0,0,0,0,378,0,0,0,0,0,17.8412,0,0
34,0.566667,150,150,0,194331,11580.2,0,0,5.40102,5.30723,150,0,0,0,0,0,0,0,360,0,0,0,0,0,17.7514,0,0
35,0.583333,150,150,0,194176,12190,0,0,5.53107,5.43792,150,0,0,0,0,0,0,0,352,0,0,0,0,0,17.6595,0,0
36,0.6,150,150,0,194014,12811.8,0,0,5.66033,5.56781,150,0,0,0,0,0,0,0,339,0,0,0,0,0,17.5654,0,0
37,0.616667,150,150,0,193843,13444.3,0,0,5.7889,5.6969,150,0,0,0,0,0,0,0,328,0,0,0,0,0,17.4691,0,0
38,0.633333,150,150,0,193665,14089.3,0,0,5.91667,5.8253,150,0,0,0,0,0,0,0,324,0,0,0,0,0,17.3707,0,0
39,0.65,150,150,0,193480,14745.7,0,0,6.04365,5.9529,150,0,0,0,0,0,0,0,332,0,0,0,0,0,17.2702,0,0
40,0.666667,150,150,0,193286,15411.9,0,0,6.16994,6.0797,150,0,0,0,0,0,0,0,354,0,0,0,0,0,17.1676,0,0
41,0.683333,150,150,0,193084,16089.3,0,0,6.29543,6.20582,150,0,0,0,0,0,0,0,364,0,0,0,0,0,17.063,0,0
42,0.7,150,150,0,192874,16777,0,0,6.42012,6.33113,150,0,0,0,0,0,0,0,363,0,0,0,0,0,16.9564,0,0
43,0.716667,150,150,0,192656,17475.5,0,0,6.54413,6.45564,150,0,0,0,0,0,0,0,360,0,0,0,0,0,16.8478,0,0
44,0.733333,150,150,0,192429,18183.8,0,0,6.66734,6.57946,150,0,0,0,0,0,0,0,341,0,0,0,0,0,16.737,0,0
45,0.75,150,150,0,191987,18687.8,0,0,6.76617,6.66915,150,0,0,0,0,0,0,0,333,0,0,0,0,0,16.6243,0,0
46,0.766667,150,150,0,191044,18680.9,0,0,6.92814,6.74906,150,0,0,0,0,0,0,0,357,0,0,0,0,0,16.5465,0,0
47,0.783333,150,150,0,189651,18194.9,0,0,7.09353,6.81689,150,0,0,0,0,0,0,0,404,0,0,0,0,0,16.5011,0,0
48,0.8,150,150,0,187067,16435.9,0,0,7.00824,6.89432,150,0,0,0,0,0,0,0,460,2,0.026391,0,0,0,16.4982,0,0
49,0.816667,150,150,0,184284,14372.4,0,0,7.0262,7.00006,150,4,0,0,0,0,0,0,531,4,0.024779,0,0,0,16.5026,0,0
50,0.833333,150,150,0,181055,11745.3,0,0,7.13366,7.02462,149,3,0,0,0,0,0,0,635,2,0.035504,0,0,0,16.4993,0,0
51,0.85,150,150,0,178575,9753.75,0,0,7.16561,7.03791,149,7,1,1,0,0,0,0,671,2,0.015156,0,0,0,16.5,0,0
52,0.866667,150,150,0,175345,6901.55,0,0,7.28513,7.07247,150,4,0,0,0,0,0,0,754,1,0.010516,0,0,0,16.4987,0,0
53,0.883333,150,150,0,172400,4201.38,0,0,7.29285,6.70191,146,6,0,0,0,0,0,0,789,1,0.011025,0,0,0,16.4992,0,0
54,0.9,150,150,0,170531,2468.1,0,0,7.11636,4.88858,149,7,1,0,0,0,0,0,818,2,0.016133,0,0,0,16.4973,0,0
55,0.916667,150,150,0,169591,1587.22,0,0,6.78755,3.65601,144,14,0,0,0,0,0,0,793,1,0.010678,0,0,0,16.4987,0,0
56,0.933333,150,150,0,168954,956.028,0,0,5.27076,2.45973,145,20,0,1,0,0,0,0,808,0,0,0,0,0,16.5004,0,0
57,0.95,150,150,0,168636,618.185,0,0,3.16617,1.99396,144,7,1,0,0,0,0,0,822,0,0,0,0,0,16.5005,0,0
58,0.966667,150,150,0,168545,504.585,0,0,2.59205,1.83055,142,3,0,0,0,0,0,0,812,0,0,0,0,0,16.5004,0,0
59,0.983333,150,150,0,168499,437.889,0,0,2.58885,1.74339,143,3,0,0,0,0,0,0,800,0,0,0,0,0,16.5001,0,0
60,1,150,150,0,168467,393.006,0,0,2.63597,1.68139,140,0,0,0,0,0,0,0,818,0,0,0,0,0,16.5009,0,0
61,1.01667,150,150,0,168438,355.5,0,0,2.58537,1.62497,137,2,0,0,0,0,0,0,824,0,0,0,0,0,16.4996,0,0
62,1.03333,150,150,0,168405,320.42,0,0,2.58785,1.55759,136,0,0,0,0,0,0,0,824,0,0,0,0,0,16.5007,0,0
63,1.05,150,150,0,168381,297.596,0,0,2.59693,1.52077,131,0,0,0,0,0,0,0,835,0,0,0,0,0,16.5,0,0
64,1.06667,150,150,0,168357,278.719,0,0,2.61421,1.46199,127,0,0,0,0,0,0,0,841,0,0,0,0,0,16.4999,0,0
65,1.08333,150,150,0,168335,263.861,0,0,2.64192,1.45387,123,0,0,0,0,0,0,0,845,0,0,0,0,0,16.4997,0,0
66,1.1,150,150,0,168314,250.944,0,0,2.67115,1.4674,118,0,0,0,0,0,0,0,850,0,0,0,0,0,16.4999,0,0
67,1.11667,150,150,0,168296,244.086,0,0,2.70916,1.41892,115,0,0,0,0,0,0,0,844,0,0,0,0,0,16.4999,0,0
68,1.13333,150,150,0,168272,231.264,0,0,2.75042,1.34049,115,0,0,0,0,0,0,0,847,0,0,0,0,0,16.4999,0,0
69,1.15,150,150,0,168250,218.763,0,0,2.79766,1.29716,112,0,0,0,0,0,0,0,851,0,0,0,0,0,16.5,0,0
70,1.16667,150,150,0,168232,209.107,0,0,2.85361,1.27879,111,0,0,0,0,0,0,0,869,0,0,0,0,0,16.5,0,0
71,1.18333,150,150,0,168216,199.509,0,0,2.92203,1.3515,107,0,0,0,0,0,0,0,878,0,0,0,0,0,16.4998,0,0
72,1.2,150,150,0,168197,186.422,0,0,2.90846,1.28703,108,0,0,0,0,0,0,0,891,0,0,0,0,0,16.4997,0,0
73,1.21667,150,150,0,168172,164.206,0,0,2.51358,1.05902,107,0,0,0,0,0,0,0,898,0,0,0,0,0,16.4995,0,0
74,1.23333,150,150,0,168164,155.389,0,0,2.53206,1.09075,100,1,0,0,0,0,0,0,875,0,0,0,0,0,16.4998,0,0
75,1.25,150,150,0,168155,144.105,0,0,2.57089,0.973129,106,0,0,0,0,0,0,0,891,0,0,0,0,0,16.4997,0,0
76,1.26667,150,150,0,168148,136.095,0,0,2.60074,0.993697,99,0,0,0,0,0,0,0,879,0,0,0,0,0,16.4996,0,0
77,1.28333,150,150,0,168140,127.876,0,0,2.59883,1.07023,95,0,0,0,0,0,0,0,866,0,0,0,0,0,16.4995,0,0
78,1.3,150,150,0,168133,121.008,0,0,2.62241,0.946224,94,0,0,0,0,0,0,0,856,0,0,0,0,0,16.4995,0,0
79,1.31667,150,150,0,168129,116.8,0,0,2.62819,0.950327,89,0,0,0,0,0,0,0,859,0,0,0,0,0,16.4994,0,0
80,1.33333,150,150,0,168125,113.564,0,0,2.64939,0.939131,84,0,0,0,0,0,0,0,857,0,0,0,0,0,16.4995,0,0
81,1.35,150,150,0,168121,110.095,0,0,2.69293,0.915852,81,0,0,0,0,0,0,0,852,0,0,0,0,0,16.4996,0,0
82,1.36667,150,150,0,168116,105.349,0,0,2.60734,0.910182,78,0,0,0,0,0,0,0,848,0,0,0,0,0,16.4996,0,0
83,1.38333,150,150,0,168112,101.776,0,0,2.65531,0.886645,78,0,0,0,0,0,0,0,846,0,0,0,0,0,16.4995,0,0
84,1.4,150,150,0,168109,101.28,0,0,2.70042,0.928673,75,0,0,0,0,0,0,0,845,0,0,0,0,0,16.4995,0,0
85,1.41667,150,150,0,168105,99.5367,0,0,2.74887,0.823595,74,0,0,0,0,0,0,0,841,0,0,0,0,0,16.4994,0,0
86,1.43333,150,150,0,168102,99.2774,0,0,2.77551,0.834033,76,0,0,0,0,0,0,0,835,0,0,0,0,0,16.4994,0,0
87,1.45,150,148,2,168099,100.809,0,0,2.80407,0.864081,76,0,0,0,1,1,0,0,832,0,0,0,0,0,16.4995,0,0
88,1.46667,150,148,2,168097,102.959,0,0,2.85563,0.883101,70,0,0,0,0,0,0,0,816,0,0,0,0,0,16.4995,0,0
89,1.48333,150,145,5,168093,106.169,0,0,2.91619,0.928799,70,0,0,0,3,0,0,0,814,0,0,0,0,0,16.4995,0,0
90,1.5,150,143,7,168089,109.667,0,0,2.95292,0.943576,70,0,0,0,2,0,0,0,804,0,0,0,0,0,16.4995,0,0
91,1.51667,150,141,9,168084,112.96,0,0,2.98723,1.09051,66,0,0,0,2,0,0,0,791,0,0,0,0,0,16.4995,0,0
92,1.53333,150,137,13,168079,116.897,0,0,3.02602,1.14582,65,0,0,0,4,0,0,0,784,0,0,0,0,0,16.4995,0,0
93,1.55,150,134,16,168074,122.001,0,0,3.07982,1.17531,62,0,0,0,3,0,0,0,762,0,0,0,0,0,16.4995,0,0
94,1.56667,150,134,16,168069,126.988,0,0,3.13589,1.15309,58,0,0,0,0,0,0,0,732,0,0,0,0,0,16.4996,0,0
95,1.58333,150,130,20,168066,133.528,0,0,3.19797,1.17045,54,0,0,0,4,0,0,0,735,0,0,0,0,0,16.4996,0,0
96,1.6,150,128,22,168061,140.511,0,0,3.25947,1.14294,57,0,0,0,2,0,0,0,706,0,0,0,0,0,16.4996,0,0
97,1.61667,150,127,23,168056,147.889,0,0,3.324,1.15303,53,0,0,0,1,0,0,0,696,0,0,0,0,0,16.4996,0,0
98,1.63333,150,126,24,168051,155.799,0,0,3.38129,1.1493,51,0,0,0,1,0,0,0,696,0,0,0,0,0,16.4996,0,0
99,1.65,150,123,27,168040,158.354,0,0,3.44029,1.1578,56,0,0,0,2,1,0,0,692,0,0,0,0,0,16.4995,0,0
100,1.66667,150,120,30,168035,166.849,0,0,3.5004,1.40756,53,0,0,0,3,0,0,0,657,0,0,0,0,0,16.4995,0,0
101,1.68333,150,120,30,168032,176.226,0,0,3.56422,1.46888,52,0,0,0,0,0,0,0,631,0,0,0,0,0,16.4995,0,0
102,1.7,150,117,33,168029,186.136,0,0,3.63964,1.46278,53,0,0,0,3,0,0,0,637,0,0,0,0,0,16.4995,0,0
103,1.71667,150,115,35,168026,197.786,0,0,3.72404,1.54013,48,0,0,0,2,0,0,0,607,0,0,0,0,0,16.4995,0,0
104,1.73333,150,115,35,168023,210.332,0,0,3.81644,1.63305,44,0,0,0,0,0,0,0,599,0,0,0,0,0,16.4995,0,0
105,1.75,150,110,40,168020,224.109,0,0,3.91108,1.73718,43,0,0,0,5,0,0,0,605,0,0,0,0,0,16.4995,0,0
106,1.76667,150,106,44,168016,238.376,0,0,4.00387,1.84969,42,0,0,0,3,1,0,0,571,0,0,0,0,0,16.4995,0,0
107,1.78333,150,102,48,168005,246.087,0,0,4.09731,1.91414,41,0,0,0,4,0,0,0,559,0,0,0,0,0,16.4995,0,0
108,1.8,150,101,49,167998,259.036,0,0,4.19409,2.59416,41,0,0,0,1,0,0,0,518,0,0,0,0,0,16.4995,0,0
109,1.81667,150,100,50,167991,271.037,0,0,4.2923,2.67223,38,0,0,0,0,1,0,0,513,0,0,0,0,0,16.4995,0,0
110,1.83333,150,99,51,167987,286.582,0,0,4.39143,2.7577,37,0,0,0,1,0,0,0,513,0,0,0,0,0,16.4995,0,0
111,1.85,150,95,55,167982,302.914,0,0,4.49285,2.84459,35,0,0,0,4,0,0,0,502,0,0,0,0,0,16.4995,0,0
112,1.86667,150,93,57,167977,320.822,0,0,4.59544,2.93762,34,0,0,0,2,0,0,0,478,0,0,0,0,0,16.4995,0,0
113,1.88333,150,92,58,167971,339.976,0,0,4.6995,3.02789,32,0,0,0,1,0,0,0,456,0,0,0,0,0,16.4995,0,0
114,1.9,150,91,59,167965,359.902,0,0,4.80451,3.1207,33,0,0,0,1,0,0,0,448,0,0,0,0,0,16.4995,0,0
115,1.91667,150,89,61,167959,381.093,0,0,4.9106,3.21843,28,0,0,0,2,0,0,0,442,0,0,0,0,0,16.4995,0,0
116,1.93333,150,87,63,167953,403.493,0,0,5.01771,3.32353,27,0,0,0,1,1,0,0,432,0,0,0,0,0,16.4995,0,0
117,1.95,150,84,66,167947,427.342,0,0,5.12573,3.43237,27,0,0,0,3,0,0,0,422,0,0,0,0,0,16.4995,0,0
118,1.96667,150,83,67,167927,438.258,0,0,5.23452,3.54332,27,0,0,0,1,0,0,0,406,0,0,0,0,0,16.4995,0,0
119,1.98333,150,82,68,167846,384.487,0,0,5.34392,2.84958,26,0,0,0,1,0,0,0,401,0,0,0,0,0,16.4995,0,0
120,2,150,79,71,167759,318.441,0,0,5.4539,2.29708,28,1,0,0,3,0,0,0,400,0,0,0,0,0,16.4995,0,0
121,2.01667,150,77,73,167751,330.748,0,0,5.56435,2.43151,24,0,0,0,2,0,0,0,387,0,0,0,0,0,16.4995,0,0
122,2.03333,150,75,75,167718,320.094,0,0,5.67519,2.56687,23,0,0,0,2,0,0,0,381,0,0,0,0,0,16.4995,0,0
123,2.05,150,71,79,167698,320.676,0,0,5.78635,2.70284,23,0,0,0,4,0,0,0,357,0,0,0,0,0,16.4995,0,0
124,2.06667,150,67,83,167694,336.964,0,0,5.8977,2.83929,22,0,0,0,4,0,0,0,333,0,0,0,0,0,16.4994,0,0
125,2.08333,150,67,83,167688,353.101,0,0,6.00922,2.97596,21,0,0,0,0,0,0,0,309,0,0,1,0,0,16.4995,0,0
126,2.1,150,68,82,167682,370.318,0,0,6.12086,3.11267,20,0,0,0,0,0,1,0,313,0,0,0,0,0,16.4995,0,0
127,2.11667,150,68,82,167677,388.891,0,0,6.23256,3.24939,20,0,0,0,0,0,0,0,310,0,0,0,0,0,16.4995,0,0
128,2.13333,150,67,83,167671,409.086,0,0,6.34426,3.38591,20,0,0,0,1,0,0,0,309,0,0,0,0,0,16.4995,0,0
129,2.15,150,62,88,167664,429.394,0,0,6.45598,3.52227,19,0,0,0,5,0,0,0,305,0,0,0,0,0,16.4995,0,0
130,2.16667,150,61,89,167658,451.68,0,0,6.56761,3.78458,19,0,0,0,1,0,0,0,269,0,0,0,0,0,16.4995,0,0
131,2.18333,150,60,90,167651,474.395,0,0,6.67911,3.87355,19,0,0,0,1,0,0,0,271,0,0,0,0,0,16.4995,0,0
132,2.2,150,54,96,167634,487.444,0,0,6.79056,3.96542,20,0,0,0,6,0,0,0,269,0,0,0,0,0,16.4995,0,0
133,2.21667,150,50,100,167625,507.906,0,0,6.9018,4.06398,20,0,0,0,4,0,0,0,234,0,0,0,0,0,16.4995,0,0
134,2.23333,150,46,104,167618,531.343,0,0,7.01287,4.19831,20,0,0,0,4,0,0,0,206,0,0,0,0,0,16.4995,0,0
135,2.25,150,46,104,167611,555.786,0,0,7.12367,4.33205,19,0,0,0,0,0,0,0,181,0,0,0,0,0,16.4995,0,0
136,2.26667,150,45,105,167600,577.785,0,0,7.23429,4.46527,20,0,0,0,1,0,0,0,181,0,0,0,0,0,16.4995,0,0
137,2.28333,150,45,105,167591,602.44,0,0,7.3446,4.59795,18,0,0,0,0,0,0,0,181,0,0,0,0,0,16.4995,0,0
138,2.3,150,43,107,167573,619.337,0,0,7.45462,4.78616,18,0,0,0,2,0,0,0,180,0,0,0,0,0,16.4995,0,0
139,2.31667,150,40,110,167563,646.222,0,0,7.56438,5.44831,18,0,0,0,3,0,0,0,167,0,0,0,0,0,16.4995,0,0
140,2.33333,150,39,111,167555,675.036,0,0,7.67376,5.5749,19,0,0,0,1,0,0,0,153,0,0,0,0,0,16.4995,0,0
141,2.35,150,38,112,167546,704.823,0,0,7.78283,5.7009,20,0,0,0,1,0,0,0,144,0,0,0,0,0,16.4995,0,0
142,2.36667,150,38,112,167534,732.668,0,0,7.89154,5.82629,21,0,0,0,0,0,0,0,140,0,0,0,0,0,16.4995,0,0
143,2.38333,150,38,112,167522,760.874,0,0,7.99992,5.95106,21,0,0,0,0,0,0,0,138,0,0,0,0,0,16.4995,0,0
144,2.4,150,34,116,167512,792.191,0,0,8.10783,6.07532,20,0,0,0,4,0,0,0,137,0,0,0,0,0,16.4995,0,0
145,2.41667,150,34,116,167496,818.215,0,0,8.21533,6.00261,20,0,0,0,0,0,0,0,116,0,0,0,0,0,16.4995,0,0
146,2.43333,150,33,117,167476,841.855,0,0,8.32246,5.76434,20,0,0,0,0,1,0,0,117,0,0,0,0,0,16.4995,0,0
147,2.45,150,32,118,167465,875.547,0,0,8.42918,5.89062,19,0,0,0,1,0,0,0,114,0,0,0,0,0,16.4995,0,0
148,2.46667,150,32,118,167453,909.627,0,0,8.53549,6.01631,19,0,0,0,0,0,0,0,111,0,0,0,0,0,16.4995,0,0
149,2.48333,150,32,118,167387,890.225,0,0,7.50963,6.14129,19,0,0,0,0,0,0,0,112,0,0,0,0,0,16.4995,0,0
150,2.5,150,29,121,167287,834.792,0,0,7.32998,6.19993,19,0,0,0,3,0,0,0,117,0,0,0,0,0,16.4995,0,0
151,2.51667,150,28,122,167241,833.617,0,0,7.44425,6.31446,19,0,0,0,1,0,0,0,104,0,0,1,0,0,16.4995,0,0
152,2.53333,150,29,121,167191,827.679,0,0,7.55805,6.42888,19,0,0,0,0,0,1,0,107,0,0,0,0,0,16.4995,0,0
153,2.55,150,28,122,167093,772.348,0,0,6.63447,6.51264,19,0,0,0,1,0,0,0,112,0,0,0,0,0,16.4995,0,0
154,2.56667,150,28,122,167016,733.969,0,0,6.75606,6.63482,19,0,0,0,0,0,0,0,107,0,0,0,0,0,16.4995,0,0
155,2.58333,150,26,124,166956,710.424,0,0,6.87702,6.64052,19,1,0,0,2,0,0,0,109,0,0,0,0,0,16.4995,0,0
156,2.6,150,26,124,166933,725.195,0,0,6.99724,6.3788,18,0,0,0,0,0,0,0,99,0,0,0,0,0,16.4995,0,0
157,2.61667,150,26,124,166885,715.061,0,0,7.11683,6.4146,18,0,0,0,0,0,0,0,98,0,0,1,0,0,16.4995,0,0
158,2.63333,150,26,124,166829,694.545,0,0,7.23578,6.53473,18,0,0,0,1,0,1,0,106,0,0,0,0,0,16.4995,0,0
159,2.65,150,26,124,166708,606.262,0,0,7.35399,4.0887,18,0,0,0,0,0,0,0,110,0,0,1,0,0,16.4995,0,0
160,2.66667,150,27,123,166665,596.293,0,0,7.47155,3.93395,18,0,0,0,0,0,1,0,111,0,0,0,0,0,16.4995,0,0
161,2.68333,150,27,123,166640,602.831,0,0,7.58847,4.08196,18,0,0,0,0,0,0,0,111,0,0,0,0,0,16.4995,0,0
162,2.7,150,27,123,166605,599.176,0,0,7.70474,4.24136,18,0,0,0,0,0,0,0,114,0,0,0,0,0,16.4995,0,0
163,2.71667,150,27,123,166545,570.818,0,0,7.82025,4.30292,18,0,0,0,0,0,0,0,111,0,0,0,0,0,16.4995,0,0
164,2.73333,150,26,124,166536,593.874,0,0,7.93512,4.37521,18,0,0,0,1,0,0,0,112,0,0,0,0,0,16.4995,0,0
165,2.75,150,26,124,166526,618.501,0,0,8.04933,4.48241,18,0,0,0,0,0,0,0,105,0,0,0,0,0,16.4995,0,0
166,2.76667,150,25,125,166429,553.459,0,0,8.16288,4.07652,18,0,0,0,1,0,0,0,107,0,0,0,0,0,16.4995,0,0
167,2.78333,150,25,125,166393,547.731,0,0,8.27579,4.21037,17,0,0,0,0,0,0,0,103,0,0,0,0,0,16.4995,0,0
168,2.8,150,25,125,166384,570.873,0,0,8.38804,4.34375,17,0,0,0,0,0,0,0,102,0,0,0,0,0,16.4995,0,0
169,2.81667,150,25,125,166376,595.203,0,0,8.49963,4.47664,17,0,0,0,0,0,0,0,102,0,0,0,0,0,16.4995,0,0
170,2.83333,150,25,125,166350,603.273,0,0,8.24594,4.609,15,0,0,0,0,0,0,0,105,0,0,0,0,0,16.4994,0,0
171,2.85,150,25,125,166161,442.095,0,0,5.09532,4.08919,15,0,0,0,0,0,0,0,109,1,0.027853,0,0,0,16.4993,0,0
172,2.86667,150,25,125,166142,450.581,0,0,5.25165,4.19994,16,1,0,0,0,0,0,0,106,0,0,0,0,0,16.4993,0,0
173,2.88333,150,24,126,166136,472.468,0,0,5.38059,4.29733,17,0,0,0,1,0,0,0,103,0,0,0,0,0,16.4993,0,0
174,2.9,150,24,126,166129,495.292,0,0,5.46908,4.44853,17,0,0,0,0,0,0,0,98,0,0,0,0,0,16.4993,0,0
175,2.91667,150,24,126,166107,501.905,0,0,5.5528,4.56842,17,0,0,0,0,0,0,0,98,0,0,0,0,0,16.4993,0,0
176,2.93333,150,23,127,166100,525.138,0,0,5.63823,4.68268,16,0,0,0,1,0,0,0,101,0,0,0,0,0,16.4993,0,0
177,2.95,150,23,127,166092,549.829,0,0,5.74234,4.78326,17,0,0,0,0,0,0,0,98,0,0,0,0,0,16.4993,0,0
178,2.96667,150,23,127,166073,562.953,0,0,5.83516,4.88009,17,0,0,0,0,0,0,0,102,0,0,0,0,0,16.4993,0,0
179,2.98333,150,23,127,166049,571.978,0,0,5.9247,4.98002,17,0,0,0,0,0,0,0,104,0,0,0,0,0,16.4993,0,0
180,3,150,23,127,166036,591.802,0,0,6.0155,5.07863,16,0,0,0,0,0,0,0,106,0,0,0,0,0,16.4993,0,0
181,3.01667,150,22,128,165998,586.085,0,0,6.10752,5.1785,16,0,0,0,1,0,0,0,108,0,0,0,0,0,16.4993,0,0
182,3.03333,150,22,128,165949,569.222,0,0,6.20052,5.27957,15,0,0,0,0,0,0,0,100,0,0,1,0,0,16.4994,0,0
183,3.05,150,23,127,165931,582.894,0,0,6.29453,5.38172,15,0,0,0,0,0,1,0,107,0,0,0,0,0,16.4994,0,0
184,3.06667,150,23,127,165921,606.847,0,0,6.39656,5.48482,15,0,0,0,0,0,0,0,106,0,0,0,0,0,16.4994,0,0
185,3.08333,150,22,128,165912,632.734,0,0,6.51936,5.58876,15,0,0,0,1,0,0,0,103,0,0,0,0,0,16.4994,0,0
186,3.1,150,22,128,165903,659.897,0,0,6.64143,5.69334,15,0,0,0,0,0,0,0,95,0,0,0,0,0,16.4994,0,0
187,3.11667,150,21,129,165894,688.083,0,0,6.7629,6.6786,15,0,0,0,1,0,0,0,95,0,0,0,0,0,16.4994,0,0
188,3.13333,150,21,129,165884,717.604,0,0,6.88373,6.77623,15,0,0,0,0,0,0,0,82,0,0,1,0,0,16.4994,0,0
189,3.15,150,21,129,165874,748.287,0,0,7.00384,6.87426,15,0,0,0,1,0,1,0,91,0,0,0,0,0,16.4994,0,0
190,3.16667,150,21,129,165864,780.116,0,0,7.12332,6.97286,15,0,0,0,0,0,0,0,83,0,0,0,0,0,16.4994,0,0
191,3.18333,150,21,129,165853,813.052,0,0,7.24205,7.07175,15,0,0,0,0,0,0,0,80,0,0,0,0,0,16.4994,0,0
192,3.2,150,21,129,165842,847.074,0,0,7.36015,7.17097,15,0,0,0,0,0,0,0,75,0,0,0,0,0,16.4994,0,0
193,3.21667,150,21,129,165830,881.819,0,0,7.47761,7.27046,14,0,0,0,0,0,0,0,72,0,0,0,0,0,16.4994,0,0
194,3.23333,150,21,129,165818,917.404,0,0,7.59443,7.37019,14,0,0,0,0,0,0,0,67,0,0,0,0,0,16.4994,0,0
195,3.25,150,21,129,165806,954.177,0,0,7.7105,7.47011,14,0,0,0,0,0,0,0,63,0,0,0,0,0,16.4994,0,0
196,3.26667,150,20,130,165732,928.808,0,0,7.57016,6.76223,14,0,0,0,1,0,0,0,63,0,0,0,0,0,16.4994,0,0
197,3.28333,150,20,130,165715,961.208,0,0,7.67031,6.87,13,0,0,0,0,0,0,0,56,0,0,0,0,0,16.4994,0,0
198,3.3,150,20,130,165699,996.058,0,0,7.77051,6.97782,14,0,0,0,0,0,0,0,61,0,0,0,0,0,16.4994,0,0
199,3.31667,150,20,130,165679,1026.78,0,0,7.87083,7.08554,14,0,0,0,0,0,0,0,62,0,0,0,0,0,16.4994,0,0
200,3.33333,150,20,130,165607,1004.5,0,0,7.97115,7.19321,13,0,0,0,0,0,0,0,63,0,0,0,0,0,16.4994,0,0
201,3.35,150,20,130,165587,1033.58,0,0,8.0714,7.30071,14,0,0,0,0,0,0,0,62,0,0,0,0,0,16.4994,0,0
202,3.36667,150,20,130,165546,1041.27,0,0,8.17158,7.40812,12,0,0,0,0,0,0,0,65,0,0,0,0,0,16.4994,0,0
203,3.38333,150,20,130,165527,1071.48,0,0,8.27174,7.5154,12,0,0,0,0,0,0,0,65,0,0,0,0,0,16.4994,0,0
204,3.4,150,20,130,165410,1001.17,0,0,8.37177,7.62241,13,0,0,0,0,0,0,0,70,0,0,0,0,0,16.4994,0,0
205,3.41667,150,20,130,165297,930.253,0,0,8.47174,7.72924,13,0,0,0,0,0,0,0,74,0,0,1,0,0,16.4987,0,0
206,3.43333,150,21,129,165208,877.403,0,0,8.57152,7.83588,13,0,0,0,0,0,1,0,90,1,0.020759,0,0,0,16.4994,0,0
207,3.45,150,21,129,165124,829.544,0,0,8.67119,7.94215,13,0,0,0,0,0,0,0,98,0,0,0,0,0,16.4994,0,0
208,3.46667,150,21,129,165023,761.132,0,0,8.58878,8.04818,13,0,0,0,0,0,0,0,100,0,0,0,0,0,16.4993,0,0
209,3.48333,150,20,130,164893,660.052,0,0,8.15392,7.05951,13,1,0,0,1,0,0,0,102,0,0,0,0,0,16.4994,0,0
210,3.5,150,20,130,164789,582.128,0,0,8.25937,7.17199,13,0,0,0,0,0,0,0,96,0,0,0,0,0,16.4994,0,0
211,3.51667,150,20,130,164772,591.635,0,0,8.36452,7.28417,13,0,0,0,0,0,0,0,94,0,0,0,0,0,16.4994,0,0
212,3.53333,150,19,131,164761,606.84,0,0,8.46932,7.39593,13,0,0,0,1,0,0,0,93,0,0,0,0,0,16.4994,0,0
213,3.55,150,19,131,164581,450.312,0,0,7.50735,6.55009,13,0,0,0,0,0,0,0,91,0,0,0,0,0,16.4994,0,0
214,3.56667,150,19,131,164301,182.013,0,0,4.44809,3.79209,12,0,0,0,0,0,0,0,92,0,0,0,0,0,16.4994,0,0
215,3.58333,150,19,131,164193,80.0034,0,0,3.25827,1.69471,12,1,0,0,0,0,0,0,96,0,0,0,0,0,16.4994,0,0
216,3.6,150,19,131,164186,77.4531,0,0,3.3511,1.77253,11,0,0,0,0,0,0,0,97,0,0,0,0,0,16.4994,0,0
217,3.61667,150,19,131,164181,77.2648,0,0,3.2097,1.85094,11,0,0,0,0,0,0,0,97,0,0,0,0,0,16.4994,0,0
218,3.63333,150,18,132,164179,79.8225,0,0,3.26899,1.91158,11,0,0,0,0,1,0,0,101,0,0,0,0,0,16.4994,0,0
219,3.65,150,18,132,164141,45.3518,0,0,1.99851,1.97801,11,0,0,0,0,0,0,0,95,0,0,0,0,0,16.4994,0,0
220,3.66667,150,18,132,164128,33.6752,0,0,2.04861,1.0934,10,0,0,0,0,0,0,0,95,0,0,0,0,0,16.4994,0,0
221,3.68333,150,18,132,164125,32.8772,0,0,2.1244,1.01057,10,0,0,0,0,0,0,0,94,0,0,0,0,0,16.4994,0,0
222,3.7,150,18,132,164123,33.4683,0,0,2.20707,1.07619,10,0,0,0,0,0,0,0,98,0,0,0,0,0,16.4994,0,0
223,3.71667,150,17,133,164117,29.7099,0,0,1.97822,1.14666,10,0,0,0,1,0,0,0,100,0,0,0,0,0,16.4994,0,0
224,3.73333,150,17,133,164115,29.9323,0,0,1.94353,1.21916,9,0,0,0,0,0,0,0,91,0,0,0,0,0,16.4994,0,0
225,3.75,150,17,133,164114,30.9771,0,0,1.96151,1.29541,8,0,0,0,0,0,0,0,94,0,0,0,0,0,16.4994,0,0
226,3.76667,150,17,133,164111,31.0042,0,0,1.83965,1.37482,9,0,0,0,0,0,0,0,91,0,0,0,0,0,16.4994,0,0
227,3.78333,150,17,133,164109,32.5184,0,0,1.83108,1.45655,7,0,0,0,0,0,0,0,98,0,0,0,0,0,16.4994,0,0
228,3.8,150,17,133,164096,21.6857,0,0,1.53387,1.06322,7,0,0,0,0,0,0,0,96,0,0,0,0,0,16.4994,0,0
229,3.81667,150,16,134,164087,12.6853,0,0,1.11269,0.859004,6,0,0,0,1,0,0,0,94,0,0,0,0,0,16.4994,0,0
230,3.83333,150,16,134,164085,12.2237,0,0,1.19068,0.839525,6,0,0,0,0,0,0,0,90,0,0,0,0,0,16.4994,0,0
231,3.85,150,14,136,164085,12.8683,0,0,1.24598,0.826422,6,0,0,0,2,0,0,0,91,0,0,0,0,0,16.4994,0,0
232,3.86667,150,14,136,164083,13.0044,0,0,1.30253,0.860147,6,0,0,0,0,0,0,0,83,0,0,0,0,0,16.4994,0,0
233,3.88333,150,14,136,164082,13.608,0,0,1.359,0.892853,6,0,0,0,0,0,0,0,84,0,0,0,0,0,16.4994,0,0
234,3.9,150,14,136,164074,4.95434,0,0,0.627751,0.571106,7,0,0,0,0,0,0,0,84,0,0,0,0,0,16.4994,0,0
235,3.91667,150,13,137,164073,4.41846,0,0,0.65541,0.63632,5,0,0,0,1,0,0,0,83,0,0,0,0,0,16.4994,0,0
236,3.93333,150,13,137,164073,4.18991,0,0,0.685075,0.551114,5,0,0,0,0,0,0,0,66,0,0,0,0,0,16.4994,0,0
237,3.95,150,13,137,164073,4.26581,0,0,0.716645,0.492794,5,0,0,0,0,0,0,0,66,0,0,0,0,0,16.4994,0,0
238,3.96667,150,13,137,164072,4.33948,0,0,0.750403,0.504381,5,0,0,0,0,0,0,0,66,0,0,0,0,0,16.4994,0,0
239,3.98333,150,13,137,164072,4.34187,0,0,0.786353,0.579452,4,0,0,0,0,0,0,0,66,0,0,0,0,0,16.4994,0,0
240,4,150,13,137,164072,4.6316,0,0,0.824907,0.656237,4,0,0,0,0,0,0,0,66,0,0,0,0,0,16.4994,0,0
241,4.01667,150,13,137,164072,5.06667,0,0,0.867395,0.731928,4,0,0,0,0,0,0,0,66,0,0,0,0,0,16.4994,0,0
242,4.03333,150,13,137,164072,5.62232,0,0,0.908141,0.809414,4,0,0,0,0,0,0,0,66,0,0,0,0,0,16.4994,0,0
243,4.05,150,12,138,164072,6.30251,0,0,0.952193,0.888768,2,0,0,0,1,0,0,0,66,0,0,0,0,0,16.4994,0,0
244,4.06667,150,12,138,164071,7.12739,0,0,0.99783,0.970248,2,0,0,0,0,0,0,0,60,0,0,0,0,0,16.4994,0,0
245,4.08333,150,11,139,164071,8.09438,0,0,1.05434,1.04647,2,0,0,0,1,0,0,0,61,0,0,1,0,0,16.4994,0,0
246,4.1,150,12,138,164071,9.22055,0,0,1.14207,1.10365,2,0,0,0,0,0,1,0,69,0,0,0,0,0,16.4994,0,0
247,4.11667,150,12,138,164068,7.08652,0,0,1.15819,0.818917,2,0,0,0,0,0,0,0,69,0,0,0,0,0,16.4994,0,0
248,4.13333,150,12,138,164064,4.08387,0,0,0.929958,0.414498,2,0,0,0,0,0,0,0,69,0,0,0,0,0,16.4991,0,0
249,4.15,150,11,139,164064,4.0291,0,0,0.958348,0.227229,3,0,0,0,1,0,0,0,68,0,0,0,0,0,16.4994,0,0
250,4.16667,150,11,139,164063,4.46172,0,0,1.02148,0.234549,3,0,0,0,0,0,0,0,62,0,0,0,0,0,16.4994,0,0
251,4.18333,150,11,139,164063,5.06499,0,0,1.08656,0.291923,3,0,0,0,0,0,0,0,62,0,0,0,0,0,16.4994,0,0
252,4.2,150,11,139,164063,5.88328,0,0,1.16809,0.3492,3,0,0,0,0,0,0,0,62,0,0,0,0,0,16.4994,0,0
253,4.21667,150,11,139,164062,6.82932,0,0,1.25226,0.407121,3,0,0,0,0,0,0,0,62,0,0,0,0,0,16.4994,0,0
254,4.23333,150,10,140,164062,7.90471,0,0,1.33614,0.464767,3,0,0,0,1,0,0,0,63,0,0,0,0,0,16.4994,0,0
255,4.25,150,10,140,164062,9.01792,0,0,1.41903,0.52218,3,0,0,0,0,0,0,0,58,0,0,0,0,0,16.4994,0,0
256,4.26667,150,8,142,164062,10.2245,0,0,1.50158,0.576244,3,0,0,0,2,0,0,0,62,0,0,0,0,0,16.4994,0,0
257,4.28333,150,8,142,164053,2.36675,0,0,0.664649,0.36799,3,0,0,0,0,0,0,0,50,0,0,0,0,0,16.4994,0,0
258,4.3,150,8,142,164051,0.325332,0,0,0.181804,0.181214,2,0,0,0,0,0,0,0,50,0,0,0,0,0,16.4993,0,0
259,4.31667,150,8,142,164051,0.152273,0,0,0.150163,0.0866324,1,0,0,0,0,0,0,0,50,0,0,0,0,0,16.4993,0,0
260,4.33333,150,8,142,164051,0.0707073,0.00869645,0.00869645,0.109015,0.0709258,0,0,0,0,0,0,0,0,50,0,0,0,0,0,16.4993,0,0
261,4.35,150,8,142,164051,0.0252307,0.00807449,0.0167709,0.0652845,0.0409329,0,0,0,0,0,0,0,0,50,0,0,0,0,0,16.4993,0,0
262,4.36667,150,8,142,164051,0.00120775,0,0.0167709,0.0147559,0.00706041,0,0,0,0,0,0,0,0,50,0,0,0,0,0,16.4993,0,0
263,4.38333,150,8,142,164051,0.00879569,0,0.0167709,0.03871,0.027137,0,0,0,0,0,0,0,0,50,0,0,0,0,0,16.4993,0,0
264,4.4,150,6,144,164051,0.0294318,0,0.0167709,0.0708065,0.0468635,0,0,0,0,2,0,0,0,50,0,0,0,0,0,16.4993,0,0
265,4.41667,150,6,144,164051,0.0779684,0,0.0167709,0.115607,0.0755961,0,0,0,0,0,0,0,0,38,0,0,0,0,0,16.4993,0,0
266,4.43333,150,6,144,164051,0.154185,0,0.0167709,0.16208,0.106518,1,0,0,0,0,0,0,0,38,0,0,0,0,0,16.4993,0,0
267,4.45,150,6,144,164051,0.256326,0,0.0167709,0.208986,0.137035,1,0,0,0,0,0,0,0,38,0,0,0,0,0,16.4993,0,0
268,4.46667,150,5,145,164051,0.0272478,0,0.0167709,0.0605969,0.0435467,0,0,0,0,1,0,0,0,38,0,0,0,0,0,16.4994,0,0
269,4.48333,150,5,145,164051,0.00587656,0.01287,0.029641,0.027875,0.0180865,0,0,0,0,0,0,0,0,32,0,0,0,0,0,16.4994,0,0
270,4.5,150,5,145,164051,0.012793,0,0.029641,0.0453353,0.0342454,0,0,0,0,0,0,0,0,32,0,0,0,0,0,16.4994,0,0
271,4.51667,150,5,145,164051,0.00614625,0,0.029641,0.0262996,0.0250071,0,0,0,0,0,0,0,0,32,0,0,0,0,0,16.4994,0,0
272,4.53333,150,5,145,164051,0.00313914,0,0.029641,0.0158743,0.0142474,0,0,0,0,0,0,0,0,32,0,0,0,0,0,16.4994,0,0
273,4.55,150,5,145,164051,0.00156275,0,0.029641,0.0132875,0.00899436,0,0,0,0,0,0,0,0,32,0,0,0,0,0,16.4994,0,0
274,4.56667,150,5,145,164051,0.00128547,0,0.029641,0.0107891,0.00802719,0,0,0,0,0,0,0,0,32,0,0,0,0,0,16.4994,0,0
275,4.58333,150,4,146,164051,0.00183741,0,0.029641,0.0114424,0.0113592,0,0,0,0,1,0,0,0,32,0,0,0,0,0,16.4994,0,0
276,4.6,150,4,146,164051,0.00236983,0,0.029641,0.0132771,0.0128276,0,0,0,0,0,0,0,0,22,0,0,0,0,0,16.4994,0,0
277,4.61667,150,4,146,164051,0.00209201,0,0.029641,0.0122372,0.0121523,0,0,0,0,0,0,0,0,22,0,0,0,0,0,16.4994,0,0
278,4.63333,150,4,146,164051,0.00193802,0,0.029641,0.0119973,0.0117144,0,0,0,0,0,0,0,0,22,0,0,0,0,0,16.4994,0,0
279,4.65,150,3,147,164051,0.00196389,0,0.029641,0.0120827,0.0116713,0,0,0,0,1,0,0,0,22,0,0,0,0,0,16.4994,0,0
280,4.66667,150,3,147,164051,0.00189976,0,0.029641,0.011672,0.0116636,0,0,0,0,0,0,0,0,16,0,0,0,0,0,16.4994,0,0
281,4.68333,150,3,147,164051,0.00190567,0,0.029641,0.0118473,0.0115184,0,0,0,0,0,0,0,0,16,0,0,0,0,0,16.4994,0,0
282,4.7,150,3,147,164051,0.00182709,0,0.029641,0.0116776,0.0112718,0,0,0,0,0,0,0,0,16,0,0,0,0,0,16.4994,0,0
283,4.71667,150,3,147,164051,0.00173924,0,0.029641,0.0111625,0.0111115,0,0,0,0,0,0,0,0,16,0,0,0,0,0,16.4994,0,0
284,4.73333,150,3,147,164051,0.00167764,0,0.029641,0.0110257,0.0109662,0,0,0,0,0,0,0,0,16,0,0,0,0,0,16.4994,0,0
285,4.75,150,3,147,164051,0.00163437,0,0.029641,0.0109465,0.0107192,0,0,0,0,0,0,0,0,16,0,0,0,0,0,16.4994,0,0
286,4.76667,150,3,147,164051,0.00158558,0,0.029641,0.0107068,0.0105746,0,0,0,0,0,0,0,0,16,0,0,0,0,0,16.4994,0,0
287,4.78333,150,3,147,164051,0.00152302,0,0.029641,0.0104699,0.0103637,0,0,0,0,0,0,0,0,16,0,0,0,0,0,16.4994,0,0
288,4.8,150,2,148,164051,0.00144075,0,0.029641,0.0102186,0.0100578,0,0,0,0,1,0,0,0,16,0,0,0,0,0,16.4994,0,0
289,4.81667,150,2,148,164051,0.00143789,0,0.029641,0.0101162,0.010061,0,0,0,0,0,0,0,0,8,0,0,0,0,0,16.4994,0,0
290,4.83333,150,2,148,164051,0.00140062,0,0.029641,0.0100141,0.00997541,0,0,0,0,0,0,0,0,8,0,0,0,0,0,16.4994,0,0
291,4.85,150,2,148,164050,0.00133447,0,0.029641,0.00981327,0.00965246,0,0,0,0,0,0,0,0,8,0,0,0,0,0,16.4994,0,0
292,4.86667,150,2,148,164050,0.00128141,0,0.029641,0.00960827,0.00941776,0,0,0,0,0,0,0,0,8,0,0,0,0,0,16.4994,0,0
293,4.88333,150,2,148,164050,0.00121122,0,0.029641,0.00936897,0.00918188,0,0,0,0,0,0,0,0,8,0,0,0,0,0,16.4994,0,0
294,4.9,150,2,148,164050,0.00116372,0,0.029641,0.00926636,0.00891758,0,0,0,0,0,0,0,0,8,0,0,0,0,0,16.4994,0,0
295,4.91667,150,2,148,164050,0.00115428,0,0.029641,0.0092584,0.00876818,0,0,0,0,0,0,0,0,8,0,0,0,0,0,16.4994,0,0
296,4.93333,150,2,148,164050,0.00112144,0,0.029641,0.00896811,0.00892639,0,0,0,0,0,0,0,0,8,0,0,0,0,0,16.4994,0,0
297,4.95,150,0,150,164050,0,0,0.029641,0,0,0,0,0,0,2,0,0,0,8,0,0,0,0,0,16.4994,0,0
298,4.96667,150,0,150,164050,0,0,0.029641,0,0,0,0,0,0,0,0,0,0,0,0,0,0,0,0,16.4994,0,0
299,4.98333,150,0,150,164050,0,0,0.029641,0,0,0,0,0,0,0,0,0,0,0,0,0,0,0,0,16.4994,0,0
300,5,150,0,150,164050,0,0,0.029641,0,0,0,0,0,0,0,0,0,0,0,0,0,0,0,0,16.4994,0,0
301,5.01667,150,0,150,164050,0,0,0.029641,0,0,0,0,0,0,0,0,0,0,0,0,0,0,0,0,16.4994,0,0
302,5.03333,150,0,150,164050,0,0,0.029641,0,0,0,0,0,0,0,0,0,0,0,0,0,0,0,0,16.4994,0,0
303,5.05,150,0,150,164050,0,0,0.029641,0,0,0,0,0,0,0,0,0,0,0,0,0,0,0,0,16.4994,0,0
304,5.06667,150,0,150,164050,0,0,0.029641,0,0,0,0,0,0,0,0,0,0,0,0,0,0,0,0,16.4994,0,0
305,5.08333,150,0,150,164050,0,0,0.029641,0,0,0,0,0,0,0,0,0,0,0,0,0,0,0,0,16.4994,0,0
306,5.1,150,0,150,164050,0,0,0.029641,0,0,0,0,0,0,0,0,0,0,0,0,0,0,0,0,16.4994,0,0
307,5.11667,150,0,150,164050,0,0,0.029641,0,0,0,0,0,0,0,0,0,0,0,0,0,0,0,0,16.4994,0,0
308,5.13333,150,0,150,164050,0,0,0.029641,0,0,0,0,0,0,0,0,0,0,0,0,0,0,0,0,16.4994,0,0
309,5.15,150,0,150,164050,0,0,0.029641,0,0,0,0,0,0,0,0,0,0,0,0,0,0,0,0,16.4994,0,0
310,5.16667,150,0,150,164050,0,0,0.029641,0,0,0,0,0,0,0,0,0,0,0,0,0,0,0,0,16.4994,0,0
311,5.18333,150,0,150,164050,0,0,0.029641,0,0,0,0,0,0,0,0,0,0,0,0,0,0,0,0,16.4994,0,0
312,5.2,150,0,150,164050,0,0,0.029641,0,0,0,0,0,0,0,0,0,0,0,0,0,0,0,0,16.4994,0,0
313,5.21667,150,0,150,164050,0,0,0.029641,0,0,0,0,0,0,0,0,0,0,0,0,0,0,0,0,16.4994,0,0
314,5.23333,150,0,150,164050,0,0,0.029641,0,0,0,0,0,0,0,0,0,0,0,0,0,0,0,0,16.4994,0,0
315,5.25,150,0,150,164050,0,0,0.029641,0,0,0,0,0,0,0,0,0,0,0,0,0,0,0,0,16.4994,0,0
316,5.26667,150,0,150,164050,0,0,0.029641,0,0,0,0,0,0,0,0,0,0,0,0,0,0,0,0,16.4994,0,0
317,5.28333,150,0,150,164050,0,0,0.029641,0,0,0,0,0,0,0,0,0,0,0,0,0,0,0,0,16.4994,0,0
318,5.3,150,0,150,164050,0,0,0.029641,0,0,0,0,0,0,0,0,0,0,0,0,0,0,0,0,16.4994,0,0
319,5.31667,150,0,150,164050,0,0,0.029641,0,0,0,0,0,0,0,0,0,0,0,0,0,0,0,0,16.4994,0,0
320,5.33333,150,0,150,164050,0,0,0.029641,0,0,0,0,0,0,0,0,0,0,0,0,0,0,0,0,16.4994,0,0
321,5.35,150,0,150,164050,0,0,0.029641,0,0,0,0,0,0,0,0,0,0,0,0,0,0,0,0,16.4994,0,0
322,5.36667,150,0,150,164050,0,0,0.029641,0,0,0,0,0,0,0,0,0,0,0,0,0,0,0,0,16.4994,0,0
323,5.38333,150,0,150,164050,0,0,0.029641,0,0,0,0,0,0,0,0,0,0,0,0,0,0,0,0,16.4994,0,0
324,5.4,150,0,150,164050,0,0,0.029641,0,0,0,0,0,0,0,0,0,0,0,0,0,0,0,0,16.4994,0,0
325,5.41667,150,0,150,164050,0,0,0.029641,0,0,0,0,0,0,0,0,0,0,0,0,0,0,0,0,16.4994,0,0
326,5.43333,150,0,150,164050,0,0,0.029641,0,0,0,0,0,0,0,0,0,0,0,0,0,0,0,0,16.4994,0,0
327,5.45,150,0,150,164050,0,0,0.029641,0,0,0,0,0,0,0,0,0,0,0,0,0,0,0,0,16.4994,0,0
328,5.46667,150,0,150,164050,0,0,0.029641,0,0,0,0,0,0,0,0,0,0,0,0,0,0,0,0,16.4994,0,0
329,5.48333,150,0,150,164050,0,0,0.029641,0,0,0,0,0,0,0,0,0,0,0,0,0,0,0,0,16.4994,0,0
330,5.5,150,0,150,164050,0,0,0.029641,0,0,0,0,0,0,0,0,0,0,0,0,0,0,0,0,16.4994,0,0
331,5.51667,150,0,150,164050,0,0,0.029641,0,0,0,0,0,0,0,0,0,0,0,0,0,0,0,0,16.4994,0,0
332,5.53333,150,0,150,164050,0,0,0.029641,0,0,0,0,0,0,0,0,0,0,0,0,0,0,0,0,16.4994,0,0
333,5.55,150,0,150,164050,0,0,0.029641,0,0,0,0,0,0,0,0,0,0,0,0,0,0,0,0,16.4994,0,0
334,5.56667,150,0,150,164050,0,0,0.029641,0,0,0,0,0,0,0,0,0,0,0,0,0,0,0,0,16.4994,0,0
335,5.58333,150,0,150,164050,0,0,0.029641,0,0,0,0,0,0,0,0,0,0,0,0,0,0,0,0,16.4994,0,0
336,5.6,150,0,150,164050,0,0,0.029641,0,0,0,0,0,0,0,0,0,0,0,0,0,0,0,0,16.4994,0,0
337,5.61667,150,0,150,164050,0,0,0.029641,0,0,0,0,0,0,0,0,0,0,0,0,0,0,0,0,16.4994,0,0
338,5.63333,150,0,150,164050,0,0,0.029641,0,0,0,0,0,0,0,0,0,0,0,0,0,0,0,0,16.4994,0,0
339,5.65,150,0,150,164050,0,0,0.029641,0,0,0,0,0,0,0,0,0,0,0,0,0,0,0,0,16.4994,0,0
340,5.66667,150,0,150,164050,0,0,0.029641,0,0,0,0,0,0,0,0,0,0,0,0,0,0,0,0,16.4994,0,0
341,5.68333,150,0,150,164050,0,0,0.029641,0,0,0,0,0,0,0,0,0,0,0,0,0,0,0,0,16.4994,0,0
342,5.7,150,0,150,164050,0,0,0.029641,0,0,0,0,0,0,0,0,0,0,0,0,0,0,0,0,16.4994,0,0
343,5.71667,150,0,150,164050,0,0,0.029641,0,0,0,0,0,0,0,0,0,0,0,0,0,0,0,0,16.4994,0,0
344,5.73333,150,0,150,164050,0,0,0.029641,0,0,0,0,0,0,0,0,0,0,0,0,0,0,0,0,16.4994,0,0
345,5.75,150,0,150,164050,0,0,0.029641,0,0,0,0,0,0,0,0,0,0,0,0,0,0,0,0,16.4994,0,0
346,5.76667,150,0,150,164050,0,0,0.029641,0,0,0,0,0,0,0,0,0,0,0,0,0,0,0,0,16.4994,0,0
347,5.78333,150,0,150,164050,0,0,0.029641,0,0,0,0,0,0,0,0,0,0,0,0,0,0,0,0,16.4994,0,0
348,5.8,150,0,150,164050,0,0,0.029641,0,0,0,0,0,0,0,0,0,0,0,0,0,0,0,0,16.4994,0,0
349,5.81667,150,0,150,164050,0,0,0.029641,0,0,0,0,0,0,0,0,0,0,0,0,0,0,0,0,16.4994,0,0
350,5.83333,150,0,150,164050,0,0,0.029641,0,0,0,0,0,0,0,0,0,0,0,0,0,0,0,0,16.4994,0,0
351,5.85,150,0,150,164050,0,0,0.029641,0,0,0,0,0,0,0,0,0,0,0,0,0,0,0,0,16.4994,0,0
352,5.86667,150,0,150,164050,0,0,0.029641,0,0,0,0,0,0,0,0,0,0,0,0,0,0,0,0,16.4994,0,0
353,5.88333,150,0,150,164050,0,0,0.029641,0,0,0,0,0,0,0,0,0,0,0,0,0,0,0,0,16.4994,0,0
354,5.9,150,0,150,164050,0,0,0.029641,0,0,0,0,0,0,0,0,0,0,0,0,0,0,0,0,16.4994,0,0
355,5.91667,150,0,150,164050,0,0,0.029641,0,0,0,0,0,0,0,0,0,0,0,0,0,0,0,0,16.4994,0,0
356,5.93333,150,0,150,164050,0,0,0.029641,0,0,0,0,0,0,0,0,0,0,0,0,0,0,0,0,16.4994,0,0
357,5.95,150,0,150,164050,0,0,0.029641,0,0,0,0,0,0,0,0,0,0,0,0,0,0,0,0,16.4994,0,0
358,5.96667,150,0,150,164050,0,0,0.029641,0,0,0,0,0,0,0,0,0,0,0,0,0,0,0,0,16.4994,0,0
359,5.98333,150,0,150,164050,0,0,0.029641,0,0,0,0,0,0,0,0,0,0,0,0,0,0,0,0,16.4994,0,0
360,6,150,0,150,164050,0,0,0.029641,0,0,0,0,0,0,0,0,0,0,0,0,0,0,0,0,16.4994,0,0
361,6.01667,150,0,150,164050,0,0,0.029641,0,0,0,0,0,0,0,0,0,0,0,0,0,0,0,0,16.4994,0,0
362,6.03333,150,0,150,164050,0,0,0.029641,0,0,0,0,0,0,0,0,0,0,0,0,0,0,0,0,16.4994,0,0
363,6.05,150,0,150,164050,0,0,0.029641,0,0,0,0,0,0,0,0,0,0,0,0,0,0,0,0,16.4994,0,0
364,6.06667,150,0,150,164050,0,0,0.029641,0,0,0,0,0,0,0,0,0,0,0,0,0,0,0,0,16.4994,0,0
365,6.08333,150,0,150,164050,0,0,0.029641,0,0,0,0,0,0,0,0,0,0,0,0,0,0,0,0,16.4994,0,0
366,6.1,150,0,150,164050,0,0,0.029641,0,0,0,0,0,0,0,0,0,0,0,0,0,0,0,0,16.4994,0,0
367,6.11667,150,0,150,164050,0,0,0.029641,0,0,0,0,0,0,0,0,0,0,0,0,0,0,0,0,16.4994,0,0
368,6.13333,150,0,150,164050,0,0,0.029641,0,0,0,0,0,0,0,0,0,0,0,0,0,0,0,0,16.4994,0,0
369,6.15,150,0,150,164050,0,0,0.029641,0,0,0,0,0,0,0,0,0,0,0,0,0,0,0,0,16.4994,0,0
370,6.16667,150,0,150,164050,0,0,0.029641,0,0,0,0,0,0,0,0,0,0,0,0,0,0,0,0,16.4994,0,0
371,6.18333,150,0,150,164050,0,0,0.029641,0,0,0,0,0,0,0,0,0,0,0,0,0,0,0,0,16.4994,0,0
372,6.2,150,0,150,164050,0,0,0.029641,0,0,0,0,0,0,0,0,0,0,0,0,0,0,0,0,16.4994,0,0
373,6.21667,150,0,150,164050,0,0,0.029641,0,0,0,0,0,0,0,0,0,0,0,0,0,0,0,0,16.4994,0,0
374,6.23333,150,0,150,164050,0,0,0.029641,0,0,0,0,0,0,0,0,0,0,0,0,0,0,0,0,16.4994,0,0
375,6.25,150,0,150,164050,0,0,0.029641,0,0,0,0,0,0,0,0,0,0,0,0,0,0,0,0,16.4994,0,0
376,6.26667,150,0,150,164050,0,0,0.029641,0,0,0,0,0,0,0,0,0,0,0,0,0,0,0,0,16.4994,0,0
377,6.28333,150,0,150,164050,0,0,0.029641,0,0,0,0,0,0,0,0,0,0,0,0,0,0,0,0,16.4994,0,0
378,6.3,150,0,150,164050,0,0,0.029641,0,0,0,0,0,0,0,0,0,0,0,0,0,0,0,0,16.4994,0,0
379,6.31667,150,0,150,164050,0,0,0.029641,0,0,0,0,0,0,0,0,0,0,0,0,0,0,0,0,16.4994,0,0
380,6.33333,150,0,150,164050,0,0,0.029641,0,0,0,0,0,0,0,0,0,0,0,0,0,0,0,0,16.4994,0,0
381,6.35,150,0,150,164050,0,0,0.029641,0,0,0,0,0,0,0,0,0,0,0,0,0,0,0,0,16.4994,0,0
382,6.36667,150,0,150,164050,0,0,0.029641,0,0,0,0,0,0,0,0,0,0,0,0,0,0,0,0,16.4994,0,0
383,6.38333,150,0,150,164050,0,0,0.029641,0,0,0,0,0,0,0,0,0,0,0,0,0,0,0,0,16.4994,0,0
384,6.4,150,0,150,164050,0,0,0.029641,0,0,0,0,0,0,0,0,0,0,0,0,0,0,0,0,16.4994,0,0
385,6.41667,150,0,150,164050,0,0,0.029641,0,0,0,0,0,0,0,0,0,0,0,0,0,0,0,0,16.4994,0,0
386,6.43333,150,0,150,164050,0,0,0.029641,0,0,0,0,0,0,0,0,0,0,0,0,0,0,0,0,16.4994,0,0
387,6.45,150,0,150,164050,0,0,0.029641,0,0,0,0,0,0,0,0,0,0,0,0,0,0,0,0,16.4994,0,0
388,6.46667,150,0,150,164050,0,0,0.029641,0,0,0,0,0,0,0,0,0,0,0,0,0,0,0,0,16.4994,0,0
389,6.48333,150,0,150,164050,0,0,0.029641,0,0,0,0,0,0,0,0,0,0,0,0,0,0,0,0,16.4994,0,0
390,6.5,150,0,150,164050,0,0,0.029641,0,0,0,0,0,0,0,0,0,0,0,0,0,0,0,0,16.4994,0,0
391,6.51667,150,0,150,164050,0,0,0.029641,0,0,0,0,0,0,0,0,0,0,0,0,0,0,0,0,16.4994,0,0
392,6.53333,150,0,150,164050,0,0,0.029641,0,0,0,0,0,0,0,0,0,0,0,0,0,0,0,0,16.4994,0,0
393,6.55,150,0,150,164050,0,0,0.029641,0,0,0,0,0,0,0,0,0,0,0,0,0,0,0,0,16.4994,0,0
394,6.56667,150,0,150,164050,0,0,0.029641,0,0,0,0,0,0,0,0,0,0,0,0,0,0,0,0,16.4994,0,0
395,6.58333,150,0,150,164050,0,0,0.029641,0,0,0,0,0,0,0,0,0,0,0,0,0,0,0,0,16.4994,0,0
396,6.6,150,0,150,164050,0,0,0.029641,0,0,0,0,0,0,0,0,0,0,0,0,0,0,0,0,16.4994,0,0
397,6.61667,150,0,150,164050,0,0,0.029641,0,0,0,0,0,0,0,0,0,0,0,0,0,0,0,0,16.4994,0,0
398,6.63333,150,0,150,164050,0,0,0.029641,0,0,0,0,0,0,0,0,0,0,0,0,0,0,0,0,16.4994,0,0
399,6.65,150,0,150,164050,0,0,0.029641,0,0,0,0,0,0,0,0,0,0,0,0,0,0,0,0,16.4994,0,0
400,6.66667,150,0,150,164050,0,0,0.029641,0,0,0,0,0,0,0,0,0,0,0,0,0,0,0,0,16.4994,0,0
401,6.68333,150,0,150,164050,0,0,0.029641,0,0,0,0,0,0,0,0,0,0,0,0,0,0,0,0,16.4994,0,0
402,6.7,150,0,150,164050,0,0,0.029641,0,0,0,0,0,0,0,0,0,0,0,0,0,0,0,0,16.4994,0,0
403,6.71667,150,0,150,164050,0,0,0.029641,0,0,0,0,0,0,0,0,0,0,0,0,0,0,0,0,16.4994,0,0
404,6.73333,150,0,150,164050,0,0,0.029641,0,0,0,0,0,0,0,0,0,0,0,0,0,0,0,0,16.4994,0,0
405,6.75,150,0,150,164050,0,0,0.029641,0,0,0,0,0,0,0,0,0,0,0,0,0,0,0,0,16.4994,0,0
406,6.76667,150,0,150,164050,0,0,0.029641,0,0,0,0,0,0,0,0,0,0,0,0,0,0,0,0,16.4994,0,0
407,6.78333,150,0,150,164050,0,0,0.029641,0,0,0,0,0,0,0,0,0,0,0,0,0,0,0,0,16.4994,0,0
408,6.8,150,0,150,164050,0,0,0.029641,0,0,0,0,0,0,0,0,0,0,0,0,0,0,0,0,16.4994,0,0
409,6.81667,150,0,150,164050,0,0,0.029641,0,0,0,0,0,0,0,0,0,0,0,0,0,0,0,0,16.4994,0,0
410,6.83333,150,0,150,164050,0,0,0.029641,0,0,0,0,0,0,0,0,0,0,0,0,0,0,0,0,16.4994,0,0
411,6.85,150,0,150,164050,0,0,0.029641,0,0,0,0,0,0,0,0,0,0,0,0,0,0,0,0,16.4994,0,0
412,6.86667,150,0,150,164050,0,0,0.029641,0,0,0,0,0,0,0,0,0,0,0,0,0,0,0,0,16.4994,0,0
413,6.88333,150,0,150,164050,0,0,0.029641,0,0,0,0,0,0,0,0,0,0,0,0,0,0,0,0,16.4994,0,0
414,6.9,150,0,150,164050,0,0,0.029641,0,0,0,0,0,0,0,0,0,0,0,0,0,0,0,0,16.4994,0,0
415,6.91667,150,0,150,164050,0,0,0.029641,0,0,0,0,0,0,0,0,0,0,0,0,0,0,0,0,16.4994,0,0
416,6.93333,150,0,150,164050,0,0,0.029641,0,0,0,0,0,0,0,0,0,0,0,0,0,0,0,0,16.4994,0,0
417,6.95,150,0,150,164050,0,0,0.029641,0,0,0,0,0,0,0,0,0,0,0,0,0,0,0,0,16.4994,0,0
418,6.96667,150,0,150,164050,0,0,0.029641,0,0,0,0,0,0,0,0,0,0,0,0,0,0,0,0,16.4994,0,0
419,6.98333,150,0,150,164050,0,0,0.029641,0,0,0,0,0,0,0,0,0,0,0,0,0,0,0,0,16.4994,0,0
420,7,150,0,150,164050,0,0,0.029641,0,0,0,0,0,0,0,0,0,0,0,0,0,0,0,0,16.4994,0,0
421,7.01667,150,0,150,164050,0,0,0.029641,0,0,0,0,0,0,0,0,0,0,0,0,0,0,0,0,16.4994,0,0
422,7.03333,150,0,150,164050,0,0,0.029641,0,0,0,0,0,0,0,0,0,0,0,0,0,0,0,0,16.4994,0,0
423,7.05,150,0,150,164050,0,0,0.029641,0,0,0,0,0,0,0,0,0,0,0,0,0,0,0,0,16.4994,0,0
424,7.06667,150,0,150,164050,0,0,0.029641,0,0,0,0,0,0,0,0,0,0,0,0,0,0,0,0,16.4994,0,0
425,7.08333,150,0,150,164050,0,0,0.029641,0,0,0,0,0,0,0,0,0,0,0,0,0,0,0,0,16.4994,0,0
426,7.1,150,0,150,164050,0,0,0.029641,0,0,0,0,0,0,0,0,0,0,0,0,0,0,0,0,16.4994,0,0
427,7.11667,150,0,150,164050,0,0,0.029641,0,0,0,0,0,0,0,0,0,0,0,0,0,0,0,0,16.4994,0,0
428,7.13333,150,0,150,164050,0,0,0.029641,0,0,0,0,0,0,0,0,0,0,0,0,0,0,0,0,16.4994,0,0
429,7.15,150,0,150,164050,0,0,0.029641,0,0,0,0,0,0,0,0,0,0,0,0,0,0,0,0,16.4994,0,0
430,7.16667,150,0,150,164050,0,0,0.029641,0,0,0,0,0,0,0,0,0,0,0,0,0,0,0,0,16.4994,0,0
431,7.18333,150,0,150,164050,0,0,0.029641,0,0,0,0,0,0,0,0,0,0,0,0,0,0,0,0,16.4994,0,0
432,7.2,150,0,150,164050,0,0,0.029641,0,0,0,0,0,0,0,0,0,0,0,0,0,0,0,0,16.4994,0,0
433,7.21667,150,0,150,164050,0,0,0.029641,0,0,0,0,0,0,0,0,0,0,0,0,0,0,0,0,16.4994,0,0
434,7.23333,150,0,150,164050,0,0,0.029641,0,0,0,0,0,0,0,0,0,0,0,0,0,0,0,0,16.4994,0,0
435,7.25,150,0,150,164050,0,0,0.029641,0,0,0,0,0,0,0,0,0,0,0,0,0,0,0,0,16.4994,0,0
436,7.26667,150,0,150,164050,0,0,0.029641,0,0,0,0,0,0,0,0,0,0,0,0,0,0,0,0,16.4994,0,0
437,7.28333,150,0,150,164050,0,0,0.029641,0,0,0,0,0,0,0,0,0,0,0,0,0,0,0,0,16.4994,0,0
438,7.3,150,0,150,164050,0,0,0.029641,0,0,0,0,0,0,0,0,0,0,0,0,0,0,0,0,16.4994,0,0
439,7.31667,150,0,150,164050,0,0,0.029641,0,0,0,0,0,0,0,0,0,0,0,0,0,0,0,0,16.4994,0,0
440,7.33333,150,0,150,164050,0,0,0.029641,0,0,0,0,0,0,0,0,0,0,0,0,0,0,0,0,16.4994,0,0
441,7.35,150,0,150,164050,0,0,0.029641,0,0,0,0,0,0,0,0,0,0,0,0,0,0,0,0,16.4994,0,0
442,7.36667,150,0,150,164050,0,0,0.029641,0,0,0,0,0,0,0,0,0,0,0,0,0,0,0,0,16.4994,0,0
443,7.38333,150,0,150,164050,0,0,0.029641,0,0,0,0,0,0,0,0,0,0,0,0,0,0,0,0,16.4994,0,0
444,7.4,150,0,150,164050,0,0,0.029641,0,0,0,0,0,0,0,0,0,0,0,0,0,0,0,0,16.4994,0,0
445,7.41667,150,0,150,164050,0,0,0.029641,0,0,0,0,0,0,0,0,0,0,0,0,0,0,0,0,16.4994,0,0
446,7.43333,150,0,150,164050,0,0,0.029641,0,0,0,0,0,0,0,0,0,0,0,0,0,0,0,0,16.4994,0,0
447,7.45,150,0,150,164050,0,0,0.029641,0,0,0,0,0,0,0,0,0,0,0,0,0,0,0,0,16.4994,0,0
448,7.46667,150,0,150,164050,0,0,0.029641,0,0,0,0,0,0,0,0,0,0,0,0,0,0,0,0,16.4994,0,0
449,7.48333,150,0,150,164050,0,0,0.029641,0,0,0,0,0,0,0,0,0,0,0,0,0,0,0,0,16.4994,0,0
450,7.5,150,0,150,164050,0,0,0.029641,0,0,0,0,0,0,0,0,0,0,0,0,0,0,0,0,16.4994,0,0
451,7.51667,150,0,150,164050,0,0,0.029641,0,0,0,0,0,0,0,0,0,0,0,0,0,0,0,0,16.4994,0,0
452,7.53333,150,0,150,164050,0,0,0.029641,0,0,0,0,0,0,0,0,0,0,0,0,0,0,0,0,16.4994,0,0
453,7.55,150,0,150,164050,0,0,0.029641,0,0,0,0,0,0,0,0,0,0,0,0,0,0,0,0,16.4994,0,0
454,7.56667,150,0,150,164050,0,0,0.029641,0,0,0,0,0,0,0,0,0,0,0,0,0,0,0,0,16.4994,0,0
455,7.58333,150,0,150,164050,0,0,0.029641,0,0,0,0,0,0,0,0,0,0,0,0,0,0,0,0,16.4994,0,0
456,7.6,150,0,150,164050,0,0,0.029641,0,0,0,0,0,0,0,0,0,0,0,0,0,0,0,0,16.4994,0,0
457,7.61667,150,0,150,164050,0,0,0.029641,0,0,0,0,0,0,0,0,0,0,0,0,0,0,0,0,16.4994,0,0
458,7.63333,150,0,150,164050,0,0,0.029641,0,0,0,0,0,0,0,0,0,0,0,0,0,0,0,0,16.4994,0,0
459,7.65,150,0,150,164050,0,0,0.029641,0,0,0,0,0,0,0,0,0,0,0,0,0,0,0,0,16.4994,0,0
460,7.66667,150,0,150,164050,0,0,0.029641,0,0,0,0,0,0,0,0,0,0,0,0,0,0,0,0,16.4994,0,0
461,7.68333,150,0,150,164050,0,0,0.029641,0,0,0,0,0,0,0,0,0,0,0,0,0,0,0,0,16.4994,0,0
462,7.7,150,0,150,164050,0,0,0.029641,0,0,0,0,0,0,0,0,0,0,0,0,0,0,0,0,16.4994,0,0
463,7.71667,150,0,150,164050,0,0,0.029641,0,0,0,0,0,0,0,0,0,0,0,0,0,0,0,0,16.4994,0,0
464,7.73333,150,0,150,164050,0,0,0.029641,0,0,0,0,0,0,0,0,0,0,0,0,0,0,0,0,16.4994,0,0
465,7.75,150,0,150,164050,0,0,0.029641,0,0,0,0,0,0,0,0,0,0,0,0,0,0,0,0,16.4994,0,0
466,7.76667,150,0,150,164050,0,0,0.029641,0,0,0,0,0,0,0,0,0,0,0,0,0,0,0,0,16.4994,0,0
467,7.78333,150,0,150,164050,0,0,0.029641,0,0,0,0,0,0,0,0,0,0,0,0,0,0,0,0,16.4994,0,0
468,7.8,150,0,150,164050,0,0,0.029641,0,0,0,0,0,0,0,0,0,0,0,0,0,0,0,0,16.4994,0,0
469,7.81667,150,0,150,164050,0,0,0.029641,0,0,0,0,0,0,0,0,0,0,0,0,0,0,0,0,16.4994,0,0
470,7.83333,150,0,150,164050,0,0,0.029641,0,0,0,0,0,0,0,0,0,0,0,0,0,0,0,0,16.4994,0,0
471,7.85,150,0,150,164050,0,0,0.029641,0,0,0,0,0,0,0,0,0,0,0,0,0,0,0,0,16.4994,0,0
472,7.86667,150,0,150,164050,0,0,0.029641,0,0,0,0,0,0,0,0,0,0,0,0,0,0,0,0,16.4994,0,0
473,7.88333,150,0,150,164050,0,0,0.029641,0,0,0,0,0,0,0,0,0,0,0,0,0,0,0,0,16.4994,0,0
474,7.9,150,0,150,164050,0,0,0.029641,0,0,0,0,0,0,0,0,0,0,0,0,0,0,0,0,16.4994,0,0
475,7.91667,150,0,150,164050,0,0,0.029641,0,0,0,0,0,0,0,0,0,0,0,0,0,0,0,0,16.4994,0,0
476,7.93333,150,0,150,164050,0,0,0.029641,0,0,0,0,0,0,0,0,0,0,0,0,0,0,0,0,16.4994,0,0
477,7.95,150,0,150,164050,0,0,0.029641,0,0,0,0,0,0,0,0,0,0,0,0,0,0,0,0,16.4994,0,0
478,7.96667,150,0,150,164050,0,0,0.029641,0,0,0,0,0,0,0,0,0,0,0,0,0,0,0,0,16.4994,0,0
479,7.98333,150,0,150,164050,0,0,0.029641,0,0,0,0,0,0,0,0,0,0,0,0,0,0,0,0,16.4994,0,0
